,Name,Club,Age,Height,National,Positions
0,Omar Marmoush,Manchester City,26 years old (07-02-1999),183cm,Egypt,"Attacking Midfielder (Centre, Left), Forward"
1,Harry Kane,Bayern Munich,31 years old (28-07-1993),188cm,England,"Attacking Midfielder (Centre), Forward"
2,Michael Olise,Bayern Munich,23 years old (12-12-2001),184cm,France,"Attacking Midfielder (Centre, Left, Right)"
3,Jamal Musiala,Bayern Munich,22 years old (26-02-2003),184cm,Germany,"Midfielder (Centre, Left, Right)"
4,Florian Wirtz,Bayer Leverkusen,21 years old (03-05-2003),176cm,Germany,"Attacking Midfielder (Centre, Left, Right), Forward"
5,Joshua Kimmich,Bayern Munich,30 years old (08-02-1995),177cm,Germany,"Defender (Centre, Right), Defensive Midfielder (C), Midfielder (Right)"
6,Hugo Ekitiké,Eintracht Frankfurt,22 years old (20-06-2002),190cm,France,Forward
7,Tim Kleindienst,Borussia M.Gladbach,29 years old (31-08-1995),194cm,Germany,Forward
8,Xavi Simons,RB Leipzig,22 years old (21-04-2003),179cm,Netherlands,"Attacking Midfielder (Centre, Left, Right), Forward"
9,David Odogu,Wolfsburg,18 years old (03-06-2006),191cm,Germany,Defender
10,Dayot Upamecano,Bayern Munich,26 years old (27-10-1998),186cm,France,Defender (Centre)
11,Serhou Guirassy,Borussia Dortmund,29 years old (12-03-1996),187cm,Guinea,"Attacking Midfielder (Left), Forward"
12,Nadiem Amiri,Mainz 05,28 years old (27-10-1996),180cm,Germany,"Midfielder (Centre, Left, Right)"
13,Maximilian Mittelstädt,VfB Stuttgart,28 years old (18-03-1997),180cm,Germany,"Defender (Left), Midfielder (Centre, Left)"
14,Franck Honorat,Borussia M.Gladbach,28 years old (11-08-1996),180cm,France,"Midfielder (Left, Right), Forward"
15,Mohamed Simakan,Al Nassr FC,24 years old (03-05-2000),187cm,,"Defender (Centre, Right)"
16,Nathaniel Brown,Eintracht Frankfurt,21 years old (16-06-2003),176cm,Germany,"Defender (Left), Midfielder (Left)"
17,Ritsu Doan,Freiburg,26 years old (16-06-1998),172cm,Japan,"Midfielder (Centre, Left, Right), Forward"
18,Tom Bischof,Hoffenheim,19 years old (28-06-2005),176cm,Germany,"Midfielder (Centre, Right)"
19,Moritz Jenz,Mainz 05,26 years old (30-04-1999),190cm,Germany,Defender (Centre)
20,Tiago Pereira Cardoso,Borussia M.Gladbach,19 years old (07-04-2006),191cm,Luxembourg,Goalkeeper
21,Willi Orbán,RB Leipzig,32 years old (03-11-1992),186cm,Hungary,Defender (Centre)
22,Stefan Bell,Mainz 05,33 years old (24-08-1991),192cm,Germany,"Defender (Centre, Right)"
23,Alphonso Davies,Bayern Munich,24 years old (02-11-2000),183cm,Canada,"Defender (Left), Midfielder (Left, Right)"
24,Vincenzo Grifo,Freiburg,32 years old (07-04-1993),180cm,Italy,"Attacking Midfielder (Centre, Left)"
25,Álex Grimaldo,Bayer Leverkusen,29 years old (20-09-1995),171cm,Spain,"Defender (Left), Midfielder (Left)"
26,Finn Dahmen,Augsburg,27 years old (27-03-1998),186cm,Germany,Goalkeeper
27,Mohammed Amoura,Wolfsburg,24 years old (09-05-2000),170cm,Algeria,"Attacking Midfielder (Left), Forward"
28,Kingsley Coman,Bayern Munich,28 years old (13-06-1996),181cm,France,"Midfielder (Left, Right), Forward"
29,Cédric Zesiger,Augsburg,26 years old (24-06-1998),194cm,Switzerland,Defender (Centre)
30,Diogo Leite,Union Berlin,26 years old (23-01-1999),188cm,Portugal,Defender (Centre)
31,Leroy Sané,Bayern Munich,29 years old (11-01-1996),183cm,Germany,"Midfielder (Centre, Left, Right), Forward"
32,Granit Xhaka,Bayer Leverkusen,32 years old (27-09-1992),186cm,Switzerland,"Defender (Left), Midfielder (Centre)"
33,Jamie Gittens,Borussia Dortmund,20 years old (08-08-2004),175cm,England,"Attacking Midfielder (Centre, Left)"
34,Min-Jae Kim,Bayern Munich,28 years old (15-11-1996),190cm,South Korea,Defender (Centre)
35,Anthony Caci,Mainz 05,27 years old (01-07-1997),184cm,France,"Defender (Centre, Left, Right), Midfielder (Left, Right)"
36,Anton Stach,Hoffenheim,26 years old (15-11-1998),193cm,Germany,"Defender (Centre), Midfielder (Centre)"
37,Nico Elvedi,Borussia M.Gladbach,28 years old (30-09-1996),189cm,Switzerland,"Defender (Centre, Left, Right)"
38,Marius Müller,Wolfsburg,31 years old (12-07-1993),192cm,Germany,Goalkeeper
39,Alexis Claude-Maurice,Augsburg,26 years old (06-06-1998),174cm,France,"Attacking Midfielder (Centre, Left), Forward"
40,Patrik Schick,Bayer Leverkusen,29 years old (24-01-1996),191cm,Czech Republic,"Attacking Midfielder (Right), Forward"
41,Benjamin Sesko,RB Leipzig,21 years old (31-05-2003),195cm,Slovenia,"Attacking Midfielder (Centre), Forward"
42,Raphaël Guerreiro,Bayern Munich,31 years old (22-12-1993),170cm,Portugal,"Defender (Left, Right), Midfielder (Centre, Left)"
43,Romano Schmid,Werder Bremen,25 years old (27-01-2000),168cm,Austria,"Attacking Midfielder (Centre, Left, Right), Forward"
44,Angelo Stiller,VfB Stuttgart,24 years old (04-04-2001),183cm,Germany,Defensive Midfielder (C)
45,Dominik Kohr,Mainz 05,31 years old (31-01-1994),183cm,Germany,"Defender (Centre), Defensive Midfielder (C)"
46,Denis Vavro,Wolfsburg,29 years old (10-04-1996),189cm,Slovakia,Defender (Centre)
47,David Raum,RB Leipzig,27 years old (22-04-1998),180cm,Germany,"Defender (Left), Midfielder (Left, Right)"
48,Patrick Mainka,FC Heidenheim,30 years old (06-11-1994),194cm,Germany,Defender (Centre)
49,Moritz Nicolas,Borussia M.Gladbach,27 years old (21-10-1997),193cm,Germany,Goalkeeper
50,Matej Kovár,Bayer Leverkusen,24 years old (17-05-2000),196cm,Czech Republic,Goalkeeper
51,Piero Hincapié,Bayer Leverkusen,23 years old (09-01-2002),184cm,Ecuador,"Defender (Centre, Left), Midfielder (Left)"
52,Jonathan Burkardt,Mainz 05,24 years old (11-07-2000),181cm,Germany,"Attacking Midfielder (Centre, Right), Forward"
53,Chrislain Matsima,Augsburg,22 years old (15-05-2002),193cm,France,Defender (Centre)
54,Kaishu Sano,Mainz 05,24 years old (30-12-2000),176cm,Japan,Midfielder (Centre)
55,Robin Koch,Eintracht Frankfurt,28 years old (17-07-1996),192cm,Germany,"Defender (Centre), Defensive Midfielder (C)"
56,Kauã Santos,Eintracht Frankfurt,22 years old (11-04-2003),196cm,,Goalkeeper
57,Robin Zentner,Mainz 05,30 years old (28-10-1994),194cm,Germany,Goalkeeper
58,Leo Østigård,Hoffenheim,25 years old (28-11-1999),182cm,Norway,Defender (Centre)
59,Marvin Ducksch,Werder Bremen,31 years old (07-03-1994),188cm,Germany,"Attacking Midfielder (Centre), Forward"
60,Jens Stage,Werder Bremen,28 years old (08-11-1996),187cm,Denmark,Midfielder (Centre)
61,Frederik Rønnow,Union Berlin,32 years old (04-08-1992),188cm,Denmark,Goalkeeper
62,Rasmus Kristensen,Eintracht Frankfurt,27 years old (11-07-1997),187cm,Denmark,"Defender (Centre, Right), Midfielder (Right)"
63,Morgan Guilavogui,St. Pauli,27 years old (10-03-1998),188cm,Guinea,"Attacking Midfielder (Left, Right), Forward"
64,Eric Dier,Bayern Munich,31 years old (15-01-1994),188cm,England,"Defender (Centre, Right), Defensive Midfielder (C)"
65,Maximilian Arnold,Wolfsburg,30 years old (27-05-1994),184cm,Germany,"Midfielder (Centre, Right)"
66,Waldemar Anton,Borussia Dortmund,28 years old (20-07-1996),189cm,Germany,"Defender (Centre, Right), Defensive Midfielder (C)"
67,Jae-Sung Lee,Mainz 05,32 years old (10-08-1992),180cm,South Korea,"Attacking Midfielder (Centre, Left, Right), Forward"
68,Marco Friedl,Werder Bremen,27 years old (16-03-1998),187cm,Austria,"Defender (Centre, Left), Midfielder (Left)"
69,Dimitris Giannoulis,Augsburg,29 years old (17-10-1995),175cm,Greece,"Defender (Left), Midfielder (Left)"
70,Serge Gnabry,Bayern Munich,29 years old (14-07-1995),176cm,Germany,"Attacking Midfielder (Centre, Left, Right), Forward"
71,Jonathan Tah,Bayer Leverkusen,29 years old (11-02-1996),195cm,Germany,Defender (Centre)
72,Nico Schlotterbeck,Borussia Dortmund,25 years old (01-12-1999),191cm,Germany,Defender (Centre)
73,Aleksandar Pavlovic,Bayern Munich,20 years old (03-05-2004),188cm,Germany,Defensive Midfielder (C)
74,Jeffrey Gouweleeuw,Augsburg,33 years old (10-07-1991),188cm,Netherlands,Defender (Centre)
75,Adam Hlozek,Hoffenheim,22 years old (25-07-2002),188cm,Czech Republic,"Attacking Midfielder (Centre, Left, Right), Forward"
76,Patrick Wimmer,Wolfsburg,23 years old (30-05-2001),182cm,Austria,"Attacking Midfielder (Centre, Left, Right), Forward"
77,Péter Gulácsi,RB Leipzig,34 years old (06-05-1990),191cm,Hungary,Goalkeeper
78,Karim Adeyemi,Borussia Dortmund,23 years old (18-01-2002),180cm,Germany,"Attacking Midfielder (Left, Right), Forward"
79,Victor Boniface,Bayer Leverkusen,24 years old (23-12-2000),189cm,Nigeria,Forward
80,Thomas Dähne,Holstein Kiel,31 years old (04-01-1994),193cm,Germany,Goalkeeper
81,Rocco Reitz,Borussia M.Gladbach,22 years old (29-05-2002),176cm,Germany,Midfielder (Centre)
82,Ko Itakura,Borussia M.Gladbach,28 years old (27-01-1997),188cm,Japan,"Defender (Centre), Defensive Midfielder (C)"
83,Budu Zivzivadze,FC Heidenheim,31 years old (10-03-1994),189cm,Georgia,Forward
84,Jackson Irvine,St. Pauli,32 years old (07-03-1993),187cm,Australia,"Midfielder (Centre, Left)"
85,Mitchell Weiser,Werder Bremen,31 years old (21-04-1994),177cm,Germany,"Defender (Right), Midfielder (Centre, Right)"
86,Alexander Bernhardsson,Holstein Kiel,26 years old (08-09-1998),185cm,Sweden,"Attacking Midfielder (Centre), Forward"
87,Philipp Hofmann,Bochum,32 years old (30-03-1993),195cm,Germany,Forward
88,Tuta,Eintracht Frankfurt,25 years old (04-07-1999),185cm,Brazil,"Defender (Centre), Defensive Midfielder (C)"
89,Noah Atubolu,Freiburg,22 years old (25-05-2002),190cm,Germany,Goalkeeper
90,Lukas Kübler,Freiburg,32 years old (30-08-1992),182cm,Germany,"Defender (Centre, Left, Right), Midfielder (Right)"
91,Daniel Svensson,Borussia Dortmund,23 years old (12-02-2002),183cm,Sweden,Midfielder (Left)
92,Lucas Höler,Freiburg,30 years old (10-07-1994),184cm,Germany,"Attacking Midfielder (Centre, Left, Right), Forward"
93,Loïs Openda,RB Leipzig,25 years old (16-02-2000),177cm,Belgium,"Attacking Midfielder (Centre), Forward"
94,Bernardo,Bochum,29 years old (14-05-1995),186cm,Brazil,"Defender (Centre, Left, Right), Midfielder (Left)"
95,Leon Goretzka,Bayern Munich,30 years old (06-02-1995),189cm,Germany,"Midfielder (Centre, Right)"
96,Antonio Nusa,RB Leipzig,20 years old (17-04-2005),180cm,Norway,"Midfielder (Centre, Left, Right)"
97,Jonas Wind,Wolfsburg,26 years old (07-02-1999),190cm,Denmark,"Attacking Midfielder (Centre), Forward"
98,Arthur Theate,Eintracht Frankfurt,24 years old (25-05-2000),185cm,Belgium,"Defender (Centre, Left)"
99,Paul Nebel,Mainz 05,22 years old (10-10-2002),169cm,Germany,"Attacking Midfielder (Centre, Right)"
100,Eric Smith,St. Pauli,28 years old (08-01-1997),192cm,Sweden,"Defender (Centre), Defensive Midfielder (C)"
101,Felix Agu,Werder Bremen,25 years old (27-09-1999),180cm,Germany,"Defender (Left, Right), Midfielder (Left, Right)"
102,Alassane Pléa,Borussia M.Gladbach,32 years old (10-03-1993),181cm,France,"Attacking Midfielder (Centre, Left, Right), Forward"
103,Ridle Baku,RB Leipzig,27 years old (08-04-1998),176cm,Germany,"Defender (Right), Midfielder (Centre, Right)"
104,Matús Bero,Bochum,29 years old (06-09-1995),181cm,Slovakia,"Midfielder (Centre, Left, Right), Forward"
105,Nikola Vasilj,St. Pauli,29 years old (02-12-1995),193cm,Bosnia-Herzegovina,Goalkeeper
106,Robin Hack,Borussia M.Gladbach,26 years old (27-08-1998),176cm,Germany,"Attacking Midfielder (Centre, Left, Right), Forward"
107,Jeff Chabot,VfB Stuttgart,27 years old (12-02-1998),195cm,Germany,Defender (Centre)
108,Ansgar Knauff,Eintracht Frankfurt,23 years old (10-01-2002),180cm,Germany,"Midfielder (Centre, Left, Right)"
109,Sven Ulreich,Bayern Munich,36 years old (03-08-1988),192cm,Germany,Goalkeeper
110,Exequiel Palacios,Bayer Leverkusen,26 years old (05-10-1998),176cm,Argentina,Midfielder (Centre)
111,Julian Brandt,Borussia Dortmund,28 years old (02-05-1996),185cm,Germany,"Midfielder (Centre, Left, Right), Forward"
112,Ibrahima Sissoko,Bochum,27 years old (27-10-1997),193cm,France,"Defender (Centre), Defensive Midfielder (C)"
113,Maximilian Beier,Borussia Dortmund,22 years old (17-10-2002),183cm,Germany,"Attacking Midfielder (Centre, Left, Right), Forward"
114,Castello Lukeba,RB Leipzig,22 years old (17-12-2002),184cm,France,Defender (Centre)
115,Kevin Trapp,Eintracht Frankfurt,34 years old (08-07-1990),189cm,Germany,Goalkeeper
116,Keven Schlotterbeck,Augsburg,28 years old (28-04-1997),189cm,Germany,Defender (Centre)
117,Marius Bülter,Hoffenheim,32 years old (29-03-1993),188cm,Germany,"Defender (Right), Midfielder (Centre, Left, Right), Forward"
118,Marvin Pieringer,FC Heidenheim,25 years old (04-10-1999),191cm,Germany,"Attacking Midfielder (Centre), Forward"
119,Andrej Kramaric,Hoffenheim,33 years old (19-06-1991),177cm,Croatia,"Attacking Midfielder (Centre, Left, Right), Forward"
120,Karol Mets,St. Pauli,31 years old (16-05-1993),191cm,Estonia,"Defender (Centre), Defensive Midfielder (C)"
121,Atakan Karazor,VfB Stuttgart,28 years old (13-10-1996),191cm,Germany,"Defender (Centre), Defensive Midfielder (C)"
122,Julian Ryerson,Borussia Dortmund,27 years old (17-11-1997),183cm,Norway,"Defender (Centre, Left, Right), Midfielder (Centre, Left, Right)"
123,Pascal Groß,Borussia Dortmund,33 years old (15-06-1991),181cm,Germany,"Defender (Left, Right), Midfielder (Centre, Right), Forward"
124,Christopher Trimmel,Union Berlin,38 years old (24-02-1987),189cm,Austria,"Defender (Centre, Right), Midfielder (Right)"
125,Ridle Baku,RB Leipzig,27 years old (08-04-1998),176cm,Germany,"Defender (Right), Midfielder (Centre, Right)"
126,Léo Scienza,FC Heidenheim,26 years old (13-09-1998),175cm,Brazil,Attacking Midfielder (Left)
127,Deniz Undav,VfB Stuttgart,28 years old (19-07-1996),179cm,Germany,"Attacking Midfielder (Centre), Forward"
128,Ramy Bensebaini,Borussia Dortmund,30 years old (16-04-1995),187cm,Algeria,"Defender (Centre, Left), Defensive Midfielder (C), Midfielder (Left)"
129,Hiroki Ito,Bayern Munich,25 years old (12-05-1999),188cm,Japan,"Defender (Centre, Left)"
130,Nick Woltemade,VfB Stuttgart,23 years old (14-02-2002),198cm,Germany,"Attacking Midfielder (Centre), Forward"
131,Oliver Baumann,Hoffenheim,34 years old (02-06-1990),187cm,Germany,Goalkeeper
132,Matthias Ginter,Freiburg,31 years old (19-01-1994),191cm,Germany,"Defender (Centre, Right), Defensive Midfielder (C)"
133,Konstantinos Koulierakis,Wolfsburg,21 years old (28-11-2003),188cm,Greece,Defender (Centre)
134,Jan Schöppner,FC Heidenheim,25 years old (12-06-1999),190cm,,Midfielder (Centre)
135,Kamil Grabara,Wolfsburg,26 years old (08-01-1999),195cm,Poland,Goalkeeper
136,Danilho Doekhi,Union Berlin,26 years old (30-06-1998),190cm,Netherlands,Defender (Centre)
137,Emre Can,Borussia Dortmund,31 years old (12-01-1994),186cm,Germany,"Defender (Centre, Left, Right), Defensive Midfielder (C)"
138,Kevin Stöger,Borussia M.Gladbach,31 years old (27-08-1993),175cm,Austria,"Midfielder (Centre, Left)"
139,Jamie Leweling,VfB Stuttgart,24 years old (26-02-2001),185cm,Germany,"Midfielder (Centre, Left, Right), Forward"
140,Niklas Stark,Werder Bremen,30 years old (14-04-1995),190cm,Germany,"Defender (Centre), Defensive Midfielder (C)"
141,Florian Grillitsch,Real Valladolid,29 years old (07-08-1995),187cm,Austria,"Defender (Centre), Midfielder (Centre, Left)"
142,Maximilian Eggestein,Freiburg,28 years old (08-12-1996),181cm,Germany,"Midfielder (Centre, Right)"
143,Frans Krätzig,FC Heidenheim,22 years old (14-01-2003),177cm,,Midfielder (Left)
144,Ivan Ordets,Bochum,32 years old (08-07-1992),194cm,Ukraine,Defender (Centre)
145,Leonidas Stergiou,VfB Stuttgart,23 years old (03-03-2002),181cm,Switzerland,Defender (Right)
146,Mario Hermoso,Bayer Leverkusen,29 years old (18-06-1995),184cm,Spain,"Defender (Centre, Left)"
147,Hennes Behrens,Hoffenheim,20 years old (19-01-2005),175cm,Germany,Midfielder
148,Jeremie Frimpong,Bayer Leverkusen,24 years old (10-12-2000),171cm,Netherlands,"Defender (Right), Midfielder (Right)"
149,Benjamin Henrichs,RB Leipzig,28 years old (23-02-1997),183cm,Germany,"Defender (Left, Right), Defensive Midfielder (C), Midfielder (Left, Right)"
150,Aleix García,Bayer Leverkusen,27 years old (28-06-1997),173cm,Spain,Midfielder (Centre)
151,Julian Weigl,Borussia M.Gladbach,29 years old (08-09-1995),186cm,Germany,"Defender (Centre), Defensive Midfielder (C)"
152,Danny da Costa,Mainz 05,31 years old (13-07-1993),187cm,Germany,"Defender (Centre, Right), Midfielder (Right)"
153,Frank Onyeka,Augsburg,27 years old (01-01-1998),183cm,Nigeria,Defensive Midfielder (C)
154,Felix Nmecha,Borussia Dortmund,24 years old (10-10-2000),190cm,Germany,Midfielder (Centre)
155,Senne Lynen,Werder Bremen,26 years old (19-02-1999),185cm,Belgium,Defensive Midfielder (C)
156,Andrej Ilic,Union Berlin,25 years old (03-04-2000),189cm,Serbia,Forward
157,Robert Andrich,Bayer Leverkusen,30 years old (22-09-1994),187cm,Germany,"Defender (Centre), Midfielder (Centre)"
158,John Tolkin,Holstein Kiel,22 years old (31-07-2002),170cm,USA,"Defender (Left), Midfielder (Left)"
159,Hauke Wahl,St. Pauli,31 years old (15-04-1994),189cm,Germany,Defender (Centre)
160,Mario Götze,Eintracht Frankfurt,32 years old (03-06-1992),176cm,Germany,"Midfielder (Centre, Left, Right), Forward"
161,Anthony Rouault,Rennes,23 years old (29-05-2001),186cm,France,Defender (Centre)
162,Manolis Saliakas,St. Pauli,28 years old (12-09-1996),177cm,Greece,"Defender (Right), Midfielder (Right)"
163,Rani Khedira,Union Berlin,31 years old (27-01-1994),188cm,Germany,"Defender (Centre), Defensive Midfielder (C)"
164,Steven Skrzybski,Holstein Kiel,32 years old (18-11-1992),174cm,Germany,"Attacking Midfielder (Centre, Left, Right), Forward"
165,Edmond Tapsoba,Bayer Leverkusen,26 years old (02-02-1999),194cm,Burkina Faso,Defender (Centre)
166,Mathias Honsak,FC Heidenheim,28 years old (20-12-1996),188cm,Austria,"Attacking Midfielder (Centre, Left, Right), Forward"
167,Leopold Querfeld,Union Berlin,21 years old (20-12-2003),190cm,Austria,Defender (Centre)
168,Nordi Mukiele,Bayer Leverkusen,27 years old (01-11-1997),187cm,France,"Defender (Centre, Right), Midfielder (Right)"
169,Carney Chukwuemeka,Borussia Dortmund,21 years old (20-10-2003),187cm,England,Attacking Midfielder (Centre)
170,Patrick Erras,Holstein Kiel,30 years old (21-01-1995),196cm,Germany,"Defender (Centre), Defensive Midfielder (C)"
171,Robert Skov,Union Berlin,28 years old (20-05-1996),185cm,Denmark,"Defender (Left), Midfielder (Centre, Left, Right)"
172,Shuto Machino,Holstein Kiel,25 years old (30-09-1999),185cm,Japan,"Attacking Midfielder (Centre, Left), Forward"
173,Ermedin Demirovic,VfB Stuttgart,27 years old (25-03-1998),185cm,Bosnia-Herzegovina,"Attacking Midfielder (Centre, Left), Forward"
174,Mattias Svanberg,Wolfsburg,26 years old (05-01-1999),185cm,Sweden,"Midfielder (Centre, Left, Right)"
175,Tiago Tomás,Wolfsburg,22 years old (16-06-2002),180cm,Portugal,"Attacking Midfielder (Centre, Left, Right), Forward"
176,Josip Stanisic,Bayern Munich,25 years old (02-04-2000),186cm,Croatia,"Defender (Centre, Left, Right), Midfielder (Right)"
177,Noah Weißhaupt,St. Pauli,23 years old (20-09-2001),181cm,Germany,Midfielder (Left)
178,Enzo Millot,VfB Stuttgart,22 years old (17-07-2002),174cm,France,"Midfielder (Centre, Right)"
179,James Sands,St. Pauli,24 years old (06-07-2000),186cm,USA,"Defender (Centre), Defensive Midfielder (C)"
180,Hugo Larsson,Eintracht Frankfurt,20 years old (27-06-2004),187cm,Sweden,Midfielder (Centre)
181,Phillipp Mwene,Mainz 05,31 years old (29-01-1994),170cm,Austria,"Defender (Left, Right), Midfielder (Left, Right)"
182,Philipp Lienhart,Freiburg,28 years old (11-07-1996),189cm,Austria,Defender (Centre)
183,Joakim Mæhle,Wolfsburg,27 years old (20-05-1997),185cm,Denmark,"Defender (Left, Right), Midfielder (Left, Right)"
184,Konrad Laimer,Bayern Munich,27 years old (27-05-1997),180cm,Austria,"Defender (Right), Midfielder (Centre, Right)"
185,Jean-Mattéo Bahoya,Eintracht Frankfurt,19 years old (07-05-2005),180cm,France,Attacking Midfielder (Left)
186,Andreas Skov Olsen,Wolfsburg,25 years old (29-12-1999),187cm,Denmark,"Midfielder (Centre, Right)"
187,Benedict Hollerbach,Union Berlin,23 years old (17-05-2001),181cm,Germany,"Attacking Midfielder (Centre, Left, Right), Forward"
188,Ellyes Skhiri,Eintracht Frankfurt,29 years old (10-05-1995),185cm,Tunisia,Defensive Midfielder (C)
189,Nicolas Seiwald,RB Leipzig,23 years old (04-05-2001),179cm,Austria,"Defender (Centre), Defensive Midfielder (C)"
190,Marius Wolf,Augsburg,29 years old (27-05-1995),188cm,Germany,"Defender (Right), Midfielder (Centre, Left, Right)"
191,Siebe Van der Heyden,St. Pauli,26 years old (30-05-1998),185cm,Belgium,Defender (Centre)
192,David Nemeth,St. Pauli,24 years old (18-03-2001),191cm,Austria,Defender (Centre)
193,Frans Krätzig,FC Heidenheim,22 years old (14-01-2003),177cm,,Midfielder (Left)
194,András Schäfer,Union Berlin,26 years old (13-04-1999),179cm,Hungary,Attacking Midfielder (Centre)
195,Phil Harres,Holstein Kiel,23 years old (25-03-2002),193cm,,Forward
196,Chris Führich,VfB Stuttgart,27 years old (09-01-1998),181cm,Germany,"Midfielder (Centre, Left, Right), Forward"
197,Nnamdi Collins,Eintracht Frankfurt,21 years old (10-01-2004),188cm,Germany,"Defender (Centre, Right)"
198,Finn Becker,Hoffenheim,24 years old (08-06-2000),177cm,Germany,Midfielder (Centre)
199,Tim Breithaupt,Kaiserslautern,23 years old (07-02-2002),192cm,Germany,Defensive Midfielder (C)
200,Luca Philipp,Hoffenheim,24 years old (28-11-2000),192cm,Germany,Goalkeeper
201,Arthur Chaves,Hoffenheim,24 years old (29-01-2001),188cm,Brazil,Defender (Centre)
202,Josip Juranovic,Union Berlin,29 years old (16-08-1995),173cm,Croatia,"Defender (Left, Right), Midfielder (Left, Right)"
203,Kiliann Sildillia,Freiburg,22 years old (16-05-2002),186cm,France,"Defender (Centre, Right), Midfielder (Right)"
204,Tom Krauß,Bochum,23 years old (22-06-2001),182cm,Germany,Defensive Midfielder (C)
205,Ameen Al Dakhil,VfB Stuttgart,23 years old (06-03-2002),187cm,Belgium,Defender (Centre)
206,Kevin Kampl,RB Leipzig,34 years old (09-10-1990),178cm,Slovenia,"Midfielder (Centre, Left, Right)"
207,Oladapo Afolayan,St. Pauli,27 years old (11-09-1997),180cm,England,"Attacking Midfielder (Centre, Left, Right), Forward"
208,Amos Pieper,Werder Bremen,27 years old (17-01-1998),192cm,Germany,Defender (Centre)
209,Mads Roerslev,Wolfsburg,25 years old (24-06-1999),184cm,Denmark,"Defender (Right), Midfielder (Right)"
210,Phillip Tietz,Augsburg,27 years old (09-07-1997),190cm,Germany,Forward
211,Can Uzun,Eintracht Frankfurt,19 years old (11-11-2005),186cm,,"Attacking Midfielder (Centre), Forward"
212,Alexander Prass,Hoffenheim,23 years old (26-05-2001),180cm,Austria,"Defender (Left), Defensive Midfielder (C), Midfielder (Left)"
213,Kristijan Jakic,Augsburg,27 years old (14-05-1997),184cm,Croatia,"Defender (Centre, Right), Defensive Midfielder (C), Midfielder (Right)"
214,Nicolai Remberg,Holstein Kiel,24 years old (19-06-2000),187cm,Germany,Midfielder (Centre)
215,Philipp Treu,St. Pauli,24 years old (03-12-2000),172cm,Germany,"Midfielder (Left, Right)"
216,Valentin Gendrey,Hoffenheim,24 years old (21-06-2000),179cm,France,"Defender (Right), Midfielder (Right)"
217,Finn Porath,Holstein Kiel,28 years old (23-02-1997),180cm,Germany,"Midfielder (Centre, Left, Right)"
218,Bazoumana Touré,Hoffenheim,19 years old (02-03-2006),173cm,,Forward
219,Benedikt Gimber,FC Heidenheim,28 years old (19-02-1997),187cm,Germany,"Defender (Centre), Defensive Midfielder (C)"
220,Adrian Beck,FC Heidenheim,27 years old (09-06-1997),186cm,Germany,"Attacking Midfielder (Centre, Right)"
221,Julián Malatini,Werder Bremen,23 years old (31-05-2001),191cm,Argentina,"Defender (Centre, Right)"
222,Nathan Tella,Bayer Leverkusen,25 years old (05-07-1999),173cm,Nigeria,"Midfielder (Centre, Left, Right), Forward"
223,Philipp Sander,Borussia M.Gladbach,27 years old (21-02-1998),186cm,Germany,Defensive Midfielder (C)
224,Joe Scally,Borussia M.Gladbach,22 years old (31-12-2002),184cm,USA,"Defender (Centre, Left, Right), Midfielder (Left, Right)"
225,Kevin Vogt,Union Berlin,33 years old (23-09-1991),194cm,Germany,"Defender (Centre, Right), Midfielder (Centre)"
226,Pavel Kaderábek,Hoffenheim,33 years old (25-04-1992),182cm,Czech Republic,"Defender (Right), Midfielder (Left, Right)"
227,Lukas Klostermann,RB Leipzig,28 years old (03-06-1996),187cm,Germany,"Defender (Centre, Left, Right), Midfielder (Right)"
228,Issa Kaboré,Werder Bremen,23 years old (12-05-2001),180cm,Burkina Faso,"Defender (Right), Midfielder (Right)"
229,Amadou Haidara,RB Leipzig,27 years old (31-01-1998),175cm,Mali,"Midfielder (Centre, Left, Right)"
230,Manuel Neuer,Bayern Munich,39 years old (27-03-1986),193cm,Germany,Goalkeeper
231,Emiliano Buendía,Bayer Leverkusen,28 years old (25-12-1996),172cm,Argentina,"Midfielder (Centre, Left, Right), Forward"
232,Salih Özcan,Borussia Dortmund,27 years old (11-01-1998),182cm,Turkey,Midfielder (Centre)
233,Maximilian Wittek,Bochum,29 years old (21-08-1995),173cm,Germany,"Defender (Centre, Left), Midfielder (Left, Right)"
234,Kevin Akpoguma,Hoffenheim,30 years old (19-04-1995),192cm,Germany,"Defender (Centre, Right), Midfielder (Right)"
235,Giorgos Masouras,Bochum,31 years old (01-01-1994),184cm,Greece,"Attacking Midfielder (Left, Right), Forward"
236,Lukás Hrádecky,Bayer Leverkusen,35 years old (24-11-1989),192cm,Finland,Goalkeeper
237,Christoph Baumgartner,RB Leipzig,25 years old (01-08-1999),180cm,Austria,"Attacking Midfielder (Centre, Left, Right), Forward"
238,Benedikt Pichler,Holstein Kiel,27 years old (20-07-1997),188cm,Austria,Forward
239,Tom Rothe,Union Berlin,20 years old (29-10-2004),193cm,Germany,"Defender (Left), Midfielder (Left)"
240,Thomas Müller,Bayern Munich,35 years old (13-09-1989),185cm,Germany,"Midfielder (Centre, Left, Right), Forward"
241,Nathan Ngoumou,Borussia M.Gladbach,25 years old (14-03-2000),182cm,France,"Attacking Midfielder (Left, Right)"
242,Christian Günter,Freiburg,32 years old (28-02-1993),184cm,Germany,"Defender (Left), Midfielder (Left)"
243,El Chadaille Bitshiabu,RB Leipzig,19 years old (16-05-2005),196cm,France,Defender (Centre)
244,Sebastiaan Bornauw,Wolfsburg,26 years old (22-03-1999),191cm,Belgium,Defender (Centre)
245,Anthony Jung,Werder Bremen,33 years old (03-11-1991),186cm,Germany,"Defender (Centre, Left), Midfielder (Left)"
246,Sacha Boey,Bayern Munich,24 years old (13-09-2000),178cm,France,Defender (Right)
247,Tymoteusz Puchacz,Plymouth,26 years old (23-01-1999),180cm,Poland,"Defender (Left), Midfielder (Left)"
248,Amine Adli,Bayer Leverkusen,24 years old (10-05-2000),174cm,Morocco,"Attacking Midfielder (Centre, Left, Right), Forward"
249,Jonas Urbig,Bayern Munich,21 years old (08-08-2003),189cm,Germany,Goalkeeper
250,Erhan Masovic,Bochum,26 years old (22-11-1998),189cm,Serbia,"Defender (Centre), Defensive Midfielder (C)"
251,Ramon Hendriks,VfB Stuttgart,23 years old (18-07-2001),189cm,Netherlands,"Defender (Centre, Left)"
252,Niklas Dorsch,FC Heidenheim,27 years old (15-01-1998),178cm,Germany,Midfielder (Centre)
253,Wooyeong Jeong,Union Berlin,25 years old (20-09-1999),179cm,South Korea,"Attacking Midfielder (Centre, Right), Forward"
254,Nicolas Höfler,Freiburg,35 years old (09-03-1990),181cm,Germany,"Defender (Centre), Defensive Midfielder (C)"
255,Omar Traoré,FC Heidenheim,27 years old (04-02-1998),187cm,Germany,"Defender (Right), Midfielder (Right)"
256,Mahmoud Dahoud,Eintracht Frankfurt,29 years old (01-01-1996),178cm,Germany,Midfielder (Centre)
257,Lars Ritzka,St. Pauli,26 years old (07-05-1998),185cm,Germany,"Defender (Left), Midfielder (Left)"
258,Tim Siersleben,FC Heidenheim,25 years old (09-03-2000),187cm,Germany,Defender (Centre)
259,Gregor Kobel,Borussia Dortmund,27 years old (06-12-1997),195cm,Switzerland,Goalkeeper
260,Marvin Friedrich,Borussia M.Gladbach,29 years old (13-12-1995),193cm,Germany,Defender (Centre)
261,Lutsharel Geertruida,RB Leipzig,24 years old (18-07-2000),184cm,Netherlands,"Defender (Centre, Left, Right), Defensive Midfielder (C)"
262,Robin Gosens,Fiorentina,30 years old (05-07-1994),183cm,Germany,"Defender (Left), Midfielder (Centre, Left)"
263,Kilian Fischer,Wolfsburg,24 years old (12-10-2000),182cm,Germany,"Defender (Centre, Right), Midfielder (Right)"
264,El Bilal Touré,VfB Stuttgart,23 years old (03-10-2001),185cm,Mali,Forward
265,Fabian Rieder,VfB Stuttgart,23 years old (16-02-2002),179cm,Switzerland,"Attacking Midfielder (Centre, Right)"
266,Max Geschwill,Holstein Kiel,23 years old (07-07-2001),182cm,Germany,Defender (Centre)
267,Lasse Rosenboom,Holstein Kiel,23 years old (19-01-2002),190cm,Germany,Midfielder (Right)
268,Lennard Maloney,Mainz 05,25 years old (08-10-1999),187cm,USA,"Defender (Centre), Defensive Midfielder (C)"
269,Alexander Meyer,Borussia Dortmund,34 years old (13-04-1991),195cm,Germany,Goalkeeper
270,Patrick Osterhage,Freiburg,25 years old (01-02-2000),184cm,Germany,Defensive Midfielder (C)
271,Armin Gigovic,Holstein Kiel,23 years old (06-04-2002),187cm,Sweden,Attacking Midfielder (Centre)
272,Alexander Nübel,VfB Stuttgart,28 years old (30-09-1996),193cm,Germany,Goalkeeper
273,Josha Vagnoman,VfB Stuttgart,24 years old (11-12-2000),190cm,Germany,"Defender (Left, Right), Midfielder (Right)"
274,Gerrit Holtmann,Bochum,30 years old (25-03-1995),185cm,Germany,"Defender (Left), Midfielder (Left, Right)"
275,Bence Dárdai,Wolfsburg,19 years old (24-01-2006),188cm,Germany,Midfielder (Centre)
276,Carlo Boukhalfa,St. Pauli,25 years old (03-05-1999),186cm,Germany,Attacking Midfielder (Centre)
277,Donyell Malen,Aston Villa,26 years old (19-01-1999),176cm,Netherlands,"Attacking Midfielder (Centre, Left, Right), Forward"
278,João Palhinha,Bayern Munich,29 years old (09-07-1995),190cm,Portugal,Defensive Midfielder (C)
279,Henri Koudossou,Augsburg,25 years old (03-09-1999),180cm,Germany,Defender
280,Junior Dina Ebimbe,Eintracht Frankfurt,24 years old (21-11-2000),183cm,France,"Midfielder (Centre, Left, Right)"
281,Jakub Kaminski,Wolfsburg,22 years old (05-06-2002),179cm,Poland,"Midfielder (Left, Right)"
282,Derrick Köhn,Werder Bremen,26 years old (04-02-1999),180cm,Germany,"Defender (Centre, Left), Midfielder (Left)"
283,Michael Zetterer,Werder Bremen,29 years old (12-07-1995),187cm,Germany,Goalkeeper
284,Eren Dinkçi,Freiburg,23 years old (13-12-2001),188cm,Turkey,"Attacking Midfielder (Centre, Left, Right)"
285,Noahkai Banks,Augsburg,18 years old (01-12-2006),193cm,USA,Defender
286,Maxim Leitsch,Mainz 05,26 years old (18-05-1998),188cm,Germany,Defender (Centre)
287,Lucas Tousart,Union Berlin,28 years old (29-04-1997),185cm,France,Defensive Midfielder (C)
288,Anrie Chase,VfB Stuttgart,21 years old (24-03-2004),188cm,,Defender (Centre)
289,Martin Terrier,Bayer Leverkusen,28 years old (04-03-1997),184cm,France,"Attacking Midfielder (Centre, Left), Forward"
290,Maarten Vandevoordt,RB Leipzig,23 years old (26-02-2002),192cm,Belgium,Goalkeeper
291,Finn Jeltsch,VfB Stuttgart,18 years old (17-07-2006),186cm,,Defender (Centre)
292,Lovro Majer,Wolfsburg,27 years old (17-01-1998),178cm,Croatia,"Attacking Midfielder (Centre, Right)"
293,Jacob Bruun Larsen,VfB Stuttgart,26 years old (19-09-1998),183cm,Denmark,"Attacking Midfielder (Centre, Left, Right), Forward"
294,Niels Nkounkou,Eintracht Frankfurt,24 years old (01-11-2000),184cm,France,"Defender (Left), Midfielder (Left)"
295,Lukas Ullrich,Borussia M.Gladbach,21 years old (16-03-2004),180cm,,Defender (Left)
296,Haris Tabakovic,Hoffenheim,30 years old (20-06-1994),196cm,Switzerland,Forward
297,Elvis Rexhbeçaj,Augsburg,27 years old (01-11-1997),182cm,Germany,Midfielder (Centre)
298,Andreas Hanche-Olsen,Mainz 05,28 years old (17-01-1997),185cm,Norway,"Defender (Centre, Right)"
299,Jordan Siebatcheu,Reims,29 years old (26-04-1996),190cm,USA,Forward
300,Elias Saad,St. Pauli,25 years old (27-12-1999),185cm,Germany,"Attacking Midfielder (Centre, Left)"
301,Felix Passlack,Bochum,26 years old (29-05-1998),170cm,Germany,"Defender (Left, Right), Midfielder (Centre, Right)"
302,Marcel Sabitzer,Borussia Dortmund,31 years old (17-03-1994),178cm,Austria,"Midfielder (Centre, Left, Right), Forward"
303,Yan Couto,Borussia Dortmund,22 years old (03-06-2002),168cm,Brazil,"Defender (Right), Midfielder (Right)"
304,Luca Jaquez,VfB Stuttgart,21 years old (02-06-2003),187cm,Switzerland,Defender
305,Arthur,Bayer Leverkusen,22 years old (17-03-2003),173cm,,"Defender (Right), Midfielder (Right)"
306,Justin Njinmah,Werder Bremen,24 years old (15-11-2000),184cm,Germany,"Attacking Midfielder (Centre), Forward"
307,Jonas Föhrenbach,FC Heidenheim,29 years old (26-01-1996),184cm,Germany,"Defender (Centre, Left), Midfielder (Left)"
308,Farès Chaïbi,Eintracht Frankfurt,22 years old (28-11-2002),183cm,Algeria,"Attacking Midfielder (Centre, Left, Right), Forward"
309,Oliver Burke,Werder Bremen,28 years old (07-04-1997),188cm,Scotland,"Attacking Midfielder (Centre, Left, Right), Forward"
310,Johan Manzambi,Freiburg,19 years old (14-10-2005),182cm,,Midfielder
311,Jonas Hofmann,Bayer Leverkusen,32 years old (14-07-1992),176cm,Germany,"Defender (Right), Midfielder (Centre, Left, Right), Forward"
312,Paul Wanner,FC Heidenheim,19 years old (23-12-2005),185cm,Germany,"Attacking Midfielder (Centre, Right)"
313,Yorbe Vertessen,Salzburg,24 years old (08-01-2001),176cm,Belgium,"Attacking Midfielder (Centre, Left), Forward"
314,Jonah Kusi-Asare,Bayern Munich,17 years old (04-07-2007),196cm,,Forward
315,Max Rosenfelder,Freiburg,22 years old (10-02-2003),186cm,Germany,Defender (Centre)
316,Marnon Busch,FC Heidenheim,30 years old (08-12-1994),182cm,Germany,"Defender (Right), Midfielder (Right)"
317,Leonardo Bittencourt,Werder Bremen,31 years old (19-12-1993),171cm,Germany,"Midfielder (Centre, Left, Right), Forward"
318,Myron Boadu,Bochum,24 years old (14-01-2001),183cm,Netherlands,Forward
319,Nediljko Labrovic,Augsburg,25 years old (10-10-1999),196cm,Croatia,Goalkeeper
320,Marco Grüll,Werder Bremen,26 years old (06-07-1998),182cm,,"Attacking Midfielder (Centre, Left), Forward"
321,Michael Gregoritsch,Freiburg,31 years old (18-04-1994),193cm,Austria,"Attacking Midfielder (Centre, Right), Forward"
322,Kevin Müller,FC Heidenheim,34 years old (15-03-1991),190cm,Germany,Goalkeeper
323,Luca Netz,Borussia M.Gladbach,21 years old (15-05-2003),180cm,Germany,"Defender (Left), Midfielder (Left)"
324,Danel Sinani,St. Pauli,28 years old (05-04-1997),185cm,Luxembourg,"Attacking Midfielder (Centre, Right), Forward"
325,Janik Haberer,Union Berlin,31 years old (02-04-1994),186cm,Germany,"Midfielder (Centre, Left, Right), Forward"
326,Mathys Tel,Tottenham,20 years old (27-04-2005),183cm,France,"Attacking Midfielder (Left), Forward"
327,Marko Ivezic,Holstein Kiel,23 years old (02-12-2001),191cm,Serbia,"Defender (Centre), Defensive Midfielder (C)"
328,Johannes Eggestein,St. Pauli,26 years old (08-05-1998),183cm,Germany,"Attacking Midfielder (Centre, Right), Forward"
329,Maximilian Bauer,Kaiserslautern,25 years old (09-02-2000),189cm,Germany,Defender (Centre)
330,Timo Becker,Holstein Kiel,28 years old (25-03-1997),190cm,Germany,"Defender (Centre, Right), Midfielder (Right)"
331,Giovanni Reyna,Borussia Dortmund,22 years old (13-11-2002),185cm,USA,"Attacking Midfielder (Centre, Left, Right)"
332,Andu Kelati,Holstein Kiel,22 years old (13-08-2002),179cm,,Midfielder
333,Jakov Medic,Bochum,26 years old (07-09-1998),193cm,Croatia,Defender (Centre)
334,Nelson Weiper,Mainz 05,20 years old (17-03-2005),191cm,Germany,Forward
335,David Zec,Holstein Kiel,25 years old (05-01-2000),188cm,Slovenia,Defender (Centre)
336,Mert Kömür,Augsburg,19 years old (17-07-2005),183cm,Turkey,Midfielder
337,Stanley Nsoki,Hoffenheim,26 years old (09-04-1999),184cm,France,"Defender (Centre, Left)"
338,Dani de Wit,Bochum,27 years old (28-01-1998),184cm,Netherlands,"Attacking Midfielder (Centre, Right), Forward"
339,Oscar Højlund,Eintracht Frankfurt,20 years old (04-01-2005),184cm,Denmark,Defensive Midfielder (C)
340,Arthur Vermeeren,RB Leipzig,20 years old (07-02-2005),180cm,Belgium,Defensive Midfielder (C)
341,Marco Komenda,Holstein Kiel,28 years old (26-11-1996),182cm,Germany,"Defender (Centre, Left)"
342,Samuel Essende,Augsburg,27 years old (23-01-1998),192cm,France,Forward
343,Kevin Paredes,Wolfsburg,21 years old (07-05-2003),170cm,USA,"Defender (Left), Midfielder (Left, Right)"
344,Aljoscha Kemlein,Union Berlin,20 years old (02-08-2004),185cm,Germany,Midfielder (Centre)
345,Gift Orban,Hoffenheim,22 years old (17-07-2002),178cm,Nigeria,Forward
346,Cédric Zesiger,Augsburg,26 years old (24-06-1998),194cm,Switzerland,Defender (Centre)
347,Stefan Lainer,Borussia M.Gladbach,32 years old (27-08-1992),175cm,Austria,"Defender (Right), Midfielder (Right)"
348,Niklas Süle,Borussia Dortmund,29 years old (03-09-1995),195cm,Germany,"Defender (Centre, Right)"
349,Carl Johansson,Holstein Kiel,30 years old (23-05-1994),189cm,Sweden,Defender (Centre)
350,László Bénes,Union Berlin,27 years old (09-09-1997),181cm,Slovakia,Midfielder (Centre)
351,Tim Oermann,Bochum,21 years old (06-10-2003),187cm,Germany,"Defender (Centre, Right)"
352,Junior Adamu,Freiburg,23 years old (06-06-2001),183cm,,Forward
353,Yannik Keitel,VfB Stuttgart,25 years old (15-02-2000),186cm,Germany,"Defender (Centre), Defensive Midfielder (C)"
354,Merlin Röhl,Freiburg,22 years old (05-07-2002),192cm,,Midfielder (Centre)
355,Jonas Omlin,Borussia M.Gladbach,31 years old (10-01-1994),190cm,Switzerland,Goalkeeper
356,Eljif Elmas,Torino,25 years old (24-09-1999),184cm,Macedonia,"Midfielder (Centre, Left, Right), Forward"
357,Mikkel Kaufmann,Karlsruher SC,24 years old (03-01-2001),190cm,Denmark,Forward
358,André Silva,Werder Bremen,29 years old (06-11-1995),185cm,Portugal,Forward
359,Lukas Nmecha,Wolfsburg,26 years old (14-12-1998),185cm,Germany,"Attacking Midfielder (Centre, Right), Forward"
360,Salih Özcan,Borussia Dortmund,27 years old (11-01-1998),182cm,Turkey,Midfielder (Centre)
361,Arne Maier,Augsburg,26 years old (08-01-1999),186cm,Germany,"Midfielder (Centre, Right)"
362,Magnus Knudsen,Holstein Kiel,23 years old (15-06-2001),186cm,Norway,Midfielder (Centre)
363,Milos Veljkovic,Werder Bremen,29 years old (26-09-1995),188cm,Serbia,"Defender (Centre), Defensive Midfielder (C)"
364,David Mokwa,Hoffenheim,20 years old (03-05-2004),181cm,,Forward
365,Robert Gumny,Augsburg,26 years old (04-06-1998),182cm,Poland,"Defender (Centre, Left, Right), Midfielder (Right)"
366,Yannick Gerhardt,Wolfsburg,31 years old (13-03-1994),184cm,Germany,"Defender (Left), Midfielder (Centre, Left)"
367,Michy Batshuayi,Eintracht Frankfurt,31 years old (02-10-1993),185cm,Belgium,Forward
368,Mërgim Berisha,Augsburg,26 years old (11-05-1998),186cm,Serbia,"Attacking Midfielder (Centre), Forward"
369,Yussuf Poulsen,RB Leipzig,30 years old (15-06-1994),192cm,Denmark,"Attacking Midfielder (Centre, Right), Forward"
370,Max Moerstedt,Hoffenheim,19 years old (15-01-2006),194cm,Germany,Forward
371,Timon Weiner,Holstein Kiel,26 years old (18-01-1999),189cm,Germany,Goalkeeper
372,Kosta Nedeljkovic,RB Leipzig,19 years old (16-12-2005),184cm,,Defender (Right)
373,Roland Sallai,Galatasaray,27 years old (22-05-1997),183cm,Hungary,"Midfielder (Centre, Left, Right), Forward"
374,Anthony Losilla,Bochum,39 years old (10-03-1986),185cm,France,"Defender (Centre), Defensive Midfielder (C)"
375,Luca Kerber,FC Heidenheim,23 years old (10-03-2002),180cm,Germany,Defensive Midfielder (C)
376,Diadié Samassékou,Hoffenheim,29 years old (11-01-1996),175cm,Mali,Defensive Midfielder (C)
377,Timothy Chandler,Eintracht Frankfurt,35 years old (29-03-1990),187cm,USA,"Defender (Right), Midfielder (Left, Right)"
378,Umut Tohumcu,Hoffenheim,20 years old (11-08-2004),175cm,Germany,Attacking Midfielder (Centre)
379,Armindo Sieb,Mainz 05,22 years old (17-02-2003),175cm,Germany,"Attacking Midfielder (Centre), Forward"
380,Florian Neuhaus,Borussia M.Gladbach,28 years old (16-03-1997),185cm,Germany,Midfielder (Centre)
381,Lewis Holtby,Holstein Kiel,34 years old (18-09-1990),175cm,Germany,"Midfielder (Centre, Left, Right)"
382,André Silva,Werder Bremen,29 years old (06-11-1995),185cm,Portugal,Forward
383,Patrick Drewes,Bochum,32 years old (04-02-1993),194cm,Germany,Goalkeeper
384,Thomas Keller,FC Heidenheim,25 years old (05-08-1999),186cm,,"Defender (Centre), Defensive Midfielder (C)"
385,David Jurásek,Hoffenheim,24 years old (07-08-2000),183cm,Czech Republic,"Defender (Left), Midfielder (Left)"
386,Keke Topp,Werder Bremen,21 years old (25-03-2004),192cm,Germany,Forward
387,Tim Skarke,Union Berlin,28 years old (07-09-1996),181cm,Germany,"Attacking Midfielder (Centre, Left, Right), Forward"
388,Ivan Prtajin,Union Berlin,28 years old (14-05-1996),189cm,Croatia,Forward
389,Jacob Bruun Larsen,VfB Stuttgart,26 years old (19-09-1998),183cm,Denmark,"Attacking Midfielder (Centre, Left, Right), Forward"
390,Aster Vranckx,Wolfsburg,22 years old (04-10-2002),183cm,Belgium,Midfielder (Centre)
391,Tidiam Gomis,RB Leipzig,18 years old (08-08-2006),182cm,France,Forward
392,Jan-Niklas Beste,Freiburg,26 years old (04-01-1999),175cm,Germany,"Defender (Left), Midfielder (Centre, Left, Right)"
393,Fredrik Jensen,Augsburg,27 years old (09-09-1997),183cm,Finland,"Attacking Midfielder (Centre, Left, Right), Forward"
394,Justin Diehl,VfB Stuttgart,20 years old (27-11-2004),174cm,Germany,Forward
395,Timo Horn,Bochum,31 years old (12-05-1993),192cm,Germany,Goalkeeper
396,Aurèle Amenda,Eintracht Frankfurt,21 years old (31-07-2003),194cm,Switzerland,Defender (Centre)
397,Florian Müller,Freiburg,27 years old (13-11-1997),190cm,Germany,Goalkeeper
398,Alexander Schwolow,Union Berlin,32 years old (02-06-1992),190cm,Germany,Goalkeeper
399,Maximilian Breunig,FC Heidenheim,24 years old (14-08-2000),195cm,Germany,Forward
400,Yusuf Kabadayi,Augsburg,21 years old (02-02-2004),186cm,Germany,Midfielder (Centre)
401,Adam Dzwigala,St. Pauli,29 years old (25-09-1995),185cm,Poland,"Defender (Centre, Right)"
402,Moritz-Broni Kwarteng,Fortuna Duesseldorf,27 years old (28-04-1998),175cm,Germany,"Attacking Midfielder (Centre, Right), Forward"
403,Dominik Javorcek,Holstein Kiel,22 years old (02-11-2002),183cm,Slovakia,Defender
404,Florent Muslija,Freiburg,26 years old (06-07-1998),172cm,Kosovo,"Midfielder (Centre, Left)"
405,Yannik Lührs,Borussia Dortmund II,21 years old (09-09-2003),189cm,Germany,Defender (Centre)
406,Igor Matanovic,Eintracht Frankfurt,22 years old (31-03-2003),194cm,Croatia,Forward
407,Fabio Chiarodia,Borussia M.Gladbach,19 years old (05-06-2005),186cm,Italy,Defender
408,Xaver Schlager,RB Leipzig,27 years old (28-09-1997),174cm,Austria,Midfielder (Centre)
409,Moritz Broschinski,Bochum,24 years old (23-09-2000),190cm,Germany,"Attacking Midfielder (Right), Forward"
410,Aymen Barkok,Schalke 04,26 years old (21-05-1998),188cm,Germany,"Midfielder (Centre, Right)"
411,Grischa Prömel,Hoffenheim,30 years old (09-01-1995),180cm,Germany,Midfielder (Centre)
412,Jordy Makengo,Freiburg,23 years old (03-08-2001),191cm,France,Defender (Left)
413,Nikolas Veratschnig,Mainz 05,22 years old (24-01-2003),180cm,Austria,Defender
414,Marin Ljubicic,Union Berlin,23 years old (28-02-2002),183cm,Croatia,Forward
415,Julien Duranville,Borussia Dortmund,18 years old (05-05-2006),170cm,Belgium,Forward
416,Olivier Deman,Royal Antwerp,25 years old (06-04-2000),181cm,Belgium,"Defender (Left), Midfielder (Centre, Left, Right), Forward"
417,Sirlord Conteh,FC Heidenheim,28 years old (09-07-1996),178cm,Sierra Leone,"Attacking Midfielder (Centre, Right), Forward"
418,Lukas Daschner,FC St. Gallen,26 years old (01-10-1998),184cm,Germany,"Attacking Midfielder (Centre), Forward"
419,Hyun-Seok Hong,Mainz 05,25 years old (16-06-1999),175cm,South Korea,"Midfielder (Centre, Left)"
420,Tomás Cvancara,Borussia M.Gladbach,24 years old (13-08-2000),190cm,Czech Republic,"Attacking Midfielder (Right), Forward"
421,Shio Fukuda,Borussia M.Gladbach,21 years old (08-04-2004),178cm,Japan,Forward
422,Arne Engels,Celtic,21 years old (08-09-2003),185cm,Belgium,Midfielder (Centre)
423,Cristian Gamboa,Bochum,35 years old (24-10-1989),175cm,Costa Rica,"Defender (Right), Midfielder (Right)"
424,Skelly Alvero,Werder Bremen,22 years old (04-05-2002),202cm,France,Midfielder (Centre)
425,Steve Mounié,Augsburg,30 years old (29-09-1994),190cm,Benin,Forward
426,Silvan Widmer,Mainz 05,32 years old (05-03-1993),183cm,Switzerland,"Defender (Centre, Right), Midfielder (Right)"
427,Andreas Albers,St. Pauli,35 years old (23-03-1990),193cm,Denmark,"Attacking Midfielder (Centre), Forward"
428,Kevin Behrens,Wolfsburg,34 years old (03-02-1991),184cm,Germany,Forward
429,Bruno Ogbus,Freiburg,19 years old (17-12-2005),185cm,,Defender
430,Fiete Arp,Holstein Kiel,25 years old (06-01-2000),186cm,Germany,"Attacking Midfielder (Left), Forward"
431,Mërgim Berisha,Augsburg,26 years old (11-05-1998),186cm,Serbia,"Attacking Midfielder (Centre), Forward"
432,Erencan Yardimci,Hoffenheim,23 years old (04-02-2002),188cm,Turkey,Forward
433,Connor Metcalfe,St. Pauli,25 years old (05-11-1999),183cm,Australia,"Midfielder (Centre, Right)"
434,Rubén Vargas,Sevilla,26 years old (05-08-1998),177cm,Switzerland,"Attacking Midfielder (Centre, Left, Right), Forward"
435,Paul Hennrich,Hoffenheim,20 years old (06-03-2005),181cm,,Midfielder
436,Arnaud Nordin,Mainz 05,26 years old (17-06-1998),170cm,France,"Attacking Midfielder (Centre, Left, Right), Forward"
437,Pascal Stenzel,VfB Stuttgart,29 years old (20-03-1996),183cm,Germany,"Defender (Centre, Right), Midfielder (Right)"
438,Tim Drexler,Nuernberg,20 years old (06-03-2005),183cm,Germany,Defender (Centre)
439,Dennis Geiger,Hoffenheim,26 years old (10-06-1998),173cm,Germany,Midfielder (Centre)
440,Niklas Dorsch,FC Heidenheim,27 years old (15-01-1998),178cm,Germany,Midfielder (Centre)
441,Noah Weißhaupt,St. Pauli,23 years old (20-09-2001),181cm,Germany,Midfielder (Left)
442,Mads Pedersen,Augsburg,28 years old (01-09-1996),174cm,Denmark,"Defender (Left, Right), Midfielder (Centre, Left)"
443,Lennard Maloney,Mainz 05,25 years old (08-10-1999),187cm,USA,"Defender (Centre), Defensive Midfielder (C)"
444,Dan-Axel Zagadou,VfB Stuttgart,25 years old (03-06-1999),196cm,France,"Defender (Centre, Left)"
445,Viggo Gebel,RB Leipzig,17 years old (22-11-2007),174cm,Germany,Midfielder
446,Koji Miyoshi,Bochum,28 years old (26-03-1997),167cm,Japan,"Midfielder (Centre, Left, Right)"
447,Elye Wahi,Eintracht Frankfurt,22 years old (02-01-2003),184cm,France,"Attacking Midfielder (Left), Forward"
448,Jérôme Roussillon,Union Berlin,32 years old (06-01-1993),175cm,France,"Defender (Left), Midfielder (Left)"
449,Robert Wagner,St. Pauli,21 years old (14-07-2003),181cm,Germany,Midfielder (Centre)
450,Scott Banks,St. Pauli,23 years old (26-09-2001),183cm,Scotland,Attacking Midfielder (Right)
451,Noah Pesch,Borussia M.Gladbach,19 years old (18-05-2005),183cm,Croatia,Forward
452,Mats Pannewig,Bochum,20 years old (28-10-2004),195cm,,Midfielder
453,Julian Niehues,FC Heidenheim,24 years old (17-04-2001),195cm,Germany,Defensive Midfielder (C)
454,Abdoulie Ceesay,St. Pauli,21 years old (05-01-2004),185cm,Gambia,Forward
455,Marvin Schulz,Holstein Kiel,30 years old (15-01-1995),186cm,Germany,"Defender (Centre), Defensive Midfielder (C)"
456,Gabriel Vidovic,Bayern Munich,21 years old (01-12-2003),180cm,Croatia,Attacking Midfielder (Left)
457,Aliou Baldé,FC Lausanne-Sport,22 years old (12-12-2002),172cm,Senegal,Forward
458,Samuel Bamba,Bochum,21 years old (13-02-2004),179cm,Germany,Forward
459,Erik Ahlstrand,St. Pauli,23 years old (14-10-2001),184cm,Sweden,Midfielder
460,David Preu,Union Berlin,20 years old (26-10-2004),172cm,Germany,Forward
461,Gabriel Vidovic,Bayern Munich,21 years old (01-12-2003),180cm,Croatia,Attacking Midfielder (Left)
462,Florian Micheler,Hoffenheim,19 years old (17-05-2005),185cm,,Midfielder
463,Cole Campbell,Borussia Dortmund II,19 years old (20-02-2006),170cm,USA,Forward
464,Karim Onisiwo,Salzburg,33 years old (17-03-1992),188cm,Austria,"Attacking Midfielder (Centre, Left, Right), Forward"
465,Arijon Ibrahimovic,Lazio,19 years old (11-12-2005),176cm,Germany,Attacking Midfielder (Left)
466,Faik Sakar,RB Leipzig,17 years old (14-01-2008),177cm,Germany,Midfielder
467,Fin Stevens,St. Pauli,22 years old (10-04-2003),179cm,Wales,"Defender (Right), Midfielder (Right)"
468,Lasse Rieß,Mainz 05,23 years old (27-07-2001),191cm,Germany,Goalkeeper
469,Maurides,Debrecen,31 years old (10-03-1994),189cm,Brazil,Forward
470,Stefan Schimmer,FC Heidenheim,31 years old (28-04-1994),185cm,Germany,Forward
471,Jarzinho Malanga,VfB Stuttgart II,18 years old (10-07-2006),179cm,Germany,Midfielder
472,Almugera Kabar,Borussia Dortmund,18 years old (06-06-2006),186cm,Germany,Defender
473,Jeanuël Belocian,Bayer Leverkusen,20 years old (17-02-2005),186cm,France,"Defender (Centre, Left)"
474,Robin Hranác,Hoffenheim,25 years old (29-01-2000),190cm,Czech Republic,Defender (Centre)
475,Adam Aznou,Real Valladolid,18 years old (02-06-2006),178cm,Spain,Defender (Left)
476,Kevin Volland,Union Berlin,32 years old (30-07-1992),174cm,Germany,"Attacking Midfielder (Centre, Left, Right), Forward"
477,Ayman Azhil,Borussia Dortmund II,24 years old (10-04-2001),170cm,Morocco,Defensive Midfielder (C)
478,Kjell-Arik Wätjen,Borussia Dortmund,19 years old (16-02-2006),184cm,,Midfielder
479,Assan Ouédraogo,RB Leipzig,18 years old (09-05-2006),191cm,,Attacking Midfielder (Centre)
480,Denis Thomalla,AEL Limassol,32 years old (16-08-1992),186cm,Germany,"Midfielder (Centre, Left), Forward"
481,Tobias Sippel,Borussia M.Gladbach,37 years old (22-03-1988),183cm,Germany,Goalkeeper
482,Grant-Leon Ranos,Kaiserslautern,21 years old (20-07-2003),180cm,,Forward
483,Daniel Peretz,Bayern Munich,24 years old (10-07-2000),195cm,Israel,Goalkeeper
484,Norman Theuerkauf,FC Heidenheim,38 years old (24-01-1987),183cm,Germany,"Defender (Centre, Left), Defensive Midfielder (C)"
485,Maximilian Philipp,Freiburg,31 years old (01-03-1994),183cm,Germany,"Attacking Midfielder (Centre, Left, Right), Forward"
486,Ivan Nekic,Holstein Kiel,24 years old (24-12-2000),184cm,Croatia,Defender
