Player,Apps,Mins,Goals,Assists,Yel,Red,SpG,PS%,AerialsWon,MotM,Rating
Mohamed Salah,32,2840,27,18,1,-,3.4,74.3,0.3,10,7.75
Bukayo Saka,16(3),1372,6,10,3,-,2.7,84.3,0.4,6,7.59
Alexander Isak,29,2351,21,6,1,-,2.9,75.2,0.9,5,7.44
Matheus Cunha,24(3),2168,14,4,3,-,3.3,77.9,0.4,8,7.37
Erling Haaland,28,2484,21,3,2,-,3.6,66.4,1.8,6,7.37
Cole Palmer,30(1),2659,14,8,6,-,3.6,82.9,-,5,7.37
Bryan Mbeumo,32,2877,16,5,2,-,2.1,74.7,1,4,7.27
Luis Díaz,24(7),2072,11,5,2,-,2,86.1,0.4,5,7.24
Omar Marmoush,9(1),742,6,-,-,-,3,83.9,0.3,1,7.24
Bruno Fernandes,31,2642,8,9,2,2,2.5,80.5,0.6,4,7.23
Antoine Semenyo,31,2740,8,4,9,-,3.6,77.3,1.9,3,7.22
Mark Travers,5,450,-,-,-,-,-,62.8,0.2,1,7.20
Jérémy Doku,14(9),1277,3,4,1,-,1,84.8,-,3,7.18
Amad Diallo,17(5),1595,6,6,3,-,1.8,85.2,0.4,3,7.16
Trent Alexander-Arnold,26(2),2158,2,6,4,-,1.4,78.2,0.1,1,7.15
Brandon Austin,1,90,-,-,-,-,-,66.7,4,-,7.11
Son Heung-Min,23(5),2012,7,9,1,-,2,84,0.2,3,7.09
Antonee Robinson,31(1),2808,-,10,8,-,0.5,80.5,1.4,4,7.09
Kai Havertz,21,1842,9,3,4,-,2.5,79.9,3,1,7.09
Youri Tielemans,32,2742,2,6,4,-,1.1,86.3,0.7,4,7.09
Virgil van Dijk,32,2880,2,1,3,-,0.7,91.7,3.2,2,7.08
Daniel Muñoz,31,2693,4,4,8,-,1,74.7,1.6,1,7.08
James Tarkowski,32,2872,1,1,6,-,0.4,81.5,3.2,2,7.08
Jarrod Bowen,28,2461,8,5,1,-,2.6,79.4,0.3,4,7.06
Mikkel Damsgaard,28(4),2423,2,10,2,-,1,77.7,0.4,2,7.06
Alexis Mac Allister,28(3),2390,4,4,6,-,1.1,87,0.6,-,7.06
Jacob Murphy,25(4),1969,8,11,3,-,1.3,75.7,0.1,2,7.06
Mark Flekken,31,2736,-,1,1,-,-,72.5,0.1,2,7.05
Ryan Gravenberch,32,2748,-,3,5,-,0.5,89.2,0.7,1,7.04
Declan Rice,28(2),2416,2,6,4,1,1.3,89.9,1,2,7.04
Eberechi Eze,26(2),2244,3,8,1,-,3.2,82.2,0.2,2,7.03
Neto,2,180,-,-,-,-,-,61.1,-,-,7.03
Aaron Wan-Bissaka,30(1),2705,2,2,1,-,0.4,82.3,0.7,3,7.02
Chris Wood,29(1),2452,18,3,1,-,1.8,67.2,2.6,2,7.02
Morgan Gibbs-White,28,2306,5,7,6,1,1.8,80.8,1.3,3,7.01
Bruno Guimarães,32,2746,4,6,5,-,1.1,83.1,0.5,-,7.00
Murillo,31,2750,1,-,5,-,0.6,78.9,1.1,3,6.99
Dwight McNeil,13(2),1147,3,4,1,-,1.5,81.5,0.2,-,6.99
Iliman Ndiaye,24(3),2046,7,-,3,-,1.1,83.5,0.2,1,6.99
Moisés Caicedo,32,2816,1,2,9,-,0.5,90.4,0.9,-,6.99
Josko Gvardiol,30(1),2740,5,-,1,-,1.1,91.7,1.5,2,6.99
Anthony Gordon,25(3),2164,6,5,2,-,2,79.9,0.2,1,6.99
Justin Kluivert,24(4),1952,12,6,6,-,2,79.3,0.3,2,6.99
Elliot Anderson,27(4),2240,1,6,6,-,1.1,81.9,1.2,2,6.99
Alex Iwobi,30(2),2568,8,5,1,-,1.8,79.5,0.2,6,6.98
Ayden Heaven,1(1),96,-,-,-,-,-,81.6,0.5,-,6.98
Mateo Kovacic,21(5),1862,5,1,5,-,1.3,92.9,0.3,2,6.98
James Maddison,20(10),1772,9,6,6,-,1.3,86.7,0.2,2,6.98
Nicolas Jackson,24(2),1965,9,5,7,-,2.8,75.4,0.7,2,6.97
Pedro Porro,25(5),2371,2,5,4,-,1.2,76.1,0.4,2,6.97
Savinho,20(6),1665,1,8,3,-,2,87.2,-,3,6.97
Dean Huijsen,21(5),1960,2,1,7,-,0.6,84.4,2.3,2,6.96
Kevin De Bruyne,14(8),1281,3,7,2,-,2,82.7,0.2,1,6.96
Julio Enciso,7(1),510,1,3,3,-,2.3,72.9,0.6,-,6.96
Abdul Fatawu,6(5),577,-,2,-,-,1.2,68.4,1.3,1,6.96
Thomas Partey,26(4),2349,4,2,4,-,0.8,88.9,0.9,1,6.96
Guglielmo Vicario,20,1800,-,-,1,-,-,88.7,0.5,1,6.95
Nathan Collins,32,2880,2,2,4,-,0.5,86.3,3.2,-,6.95
Callum Hudson-Odoi,24(3),2087,5,2,2,-,1.4,89,0.1,1,6.95
João Pedro,22(4),1894,10,6,4,-,1.8,74.6,1.6,4,6.95
Enzo Fernández,26(4),2410,5,5,7,-,1.6,84.1,0.5,1,6.94
Yoane Wissa,28(1),2390,15,2,2,-,2.4,80.9,1,1,6.94
Joelinton,28,2315,4,3,9,-,1.6,84.2,2,3,6.94
Rayan Aït-Nouri,31,2635,4,6,4,1,0.9,86.6,0.6,2,6.94
Nikola Milenkovic,31,2790,4,2,4,-,0.8,81.5,2.9,1,6.94
Lewis Hall,24(3),2193,-,4,3,-,0.4,85.4,1.1,2,6.93
Dango Ouattara,18(11),1776,7,4,1,-,1.9,66.1,1.3,1,6.93
Ryan Christie,27(2),2131,2,3,9,-,1.1,82.1,0.8,3,6.92
Trevoh Chalobah,12,1063,3,-,1,-,0.9,79.8,1.8,-,6.92
Jason Steele,2,180,-,-,-,-,-,89.5,0.5,-,6.92
Sven Botman,3,226,-,-,1,-,0.3,88.3,3,-,6.91
Emmanuel Agbadou,10,871,-,-,2,-,0.5,83.6,1.8,1,6.91
Dejan Kulusevski,24(4),2171,7,4,3,-,1.5,81.1,0.3,1,6.91
Dominic Solanke,23,2033,7,3,-,-,2.4,72.7,1.8,1,6.91
Christian Nørgaard,28,2291,4,2,5,1,1.1,83,1.4,1,6.91
Gabriel Magalhães,28,2366,3,1,4,-,0.8,90.7,2,-,6.91
Kaoru Mitoma,28(3),2479,7,3,1,-,1.6,80.3,0.8,1,6.91
Morgan Rogers,31,2610,8,7,8,-,1.5,75,0.3,2,6.90
Djed Spence,14(5),1334,1,2,2,1,0.4,88.4,0.8,1,6.90
Carlos Baleba,25(3),2158,2,1,6,1,1.4,87.7,1.3,1,6.89
Lewis Cook,29(2),2662,1,3,8,-,0.5,81.2,1.3,-,6.89
Brennan Johnson,22(7),1975,11,3,5,-,1.8,77.4,0.2,2,6.89
Neco Williams,22(7),2052,1,2,5,-,1.1,80.8,1.1,1,6.89
Maxence Lacroix,29,2579,1,1,5,-,0.9,82.4,1.9,2,6.89
Alex Palmer,8,720,-,-,2,-,-,64.3,0.4,-,6.89
Ibrahima Konaté,25(1),2145,1,2,5,-,0.5,90.4,2.6,-,6.89
Marcus Tavernier,16(7),1533,3,5,5,-,2,79.7,0.9,-,6.88
William Saliba,30,2636,2,-,2,1,0.2,94,1.9,2,6.87
Dominik Szoboszlai,24(6),2122,5,3,6,-,1.9,85.5,0.6,2,6.86
Lisandro Martínez,20,1754,2,1,7,-,0.9,90,0.8,1,6.86
Diogo Dalot,31,2757,-,3,5,-,0.7,83.8,1.2,-,6.86
Mohammed Kudus,26,2180,3,2,1,1,2.4,89.8,0.4,-,6.85
Yankuba Minteh,15(11),1409,5,4,6,-,1,67,0.6,2,6.85
Evanilson,22(3),1827,9,-,-,-,2.4,68.9,1.5,2,6.85
Marcus Rashford,3(5),360,1,2,-,-,1.9,82.8,0.1,1,6.85
Cristian Romero,17,1375,1,-,2,-,0.9,89.4,2.4,-,6.85
Jean-Philippe Mateta,29(2),2367,13,2,2,-,1.9,68.2,1.8,3,6.85
Martin Dúbravka,10,900,-,-,-,-,-,75.9,0.4,-,6.85
Matz Sels,32,2880,-,-,2,-,-,47,0.5,1,6.84
Marco Asensio,4(3),394,3,1,1,-,2.4,86.4,-,1,6.84
Noni Madueke,21(5),1613,7,3,3,-,2.7,84.5,0.3,2,6.84
Dan Burn,31,2790,-,-,9,-,0.5,89.1,4,-,6.83
Martin Ødegaard,21(3),1870,2,4,4,-,1.5,87.4,0.3,1,6.83
Idrissa Gueye,29(2),2541,-,3,7,-,0.8,87,0.7,1,6.83
Ola Aina,30,2575,2,1,2,-,0.3,79.7,0.4,3,6.83
Casemiro,15(6),1274,1,-,3,-,1.3,80.3,1.5,2,6.83
Jordan Pickford,32,2880,-,1,6,-,-,61.9,0.2,3,6.82
Kenny Tete,15(1),1274,-,2,3,-,1.1,83,0.9,1,6.82
Cody Gakpo,17(12),1502,8,3,4,-,1.5,84.3,0.4,2,6.82
Mario Lemina,15(2),1365,1,3,4,-,1.1,81.3,1.5,2,6.82
Pervis Estupiñán,21(4),1953,1,1,4,-,0.7,88.3,1.4,1,6.82
Tomás Soucek,25(4),2155,7,1,8,-,1.6,74.3,3,2,6.82
Mikel Merino,14(10),1340,6,1,2,-,1.3,80,2.3,3,6.81
Joachim Andersen,23,2033,-,-,5,1,0.6,83.2,2.4,1,6.81
Phil Foden,19(6),1689,7,2,2,-,2.1,88.4,0.1,1,6.81
Milos Kerkez,32,2810,2,5,4,-,0.5,80.1,0.7,1,6.81
Jarrad Branthwaite,23(2),2076,-,1,4,-,0.3,81.6,1.8,-,6.81
Nico O'Reilly,3(2),275,1,-,-,-,0.8,87.8,0.4,-,6.80
Tyrone Mings,10(2),961,-,-,1,-,0.7,89.1,2,-,6.80
Marshall Munetsi,7(1),610,1,1,-,-,1.9,74.8,2,-,6.80
Kevin Schade,20(12),1847,7,2,3,-,1.3,63.4,2.3,3,6.80
Bernardo Silva,23(4),2128,2,4,6,-,1,88.9,0.1,-,6.79
Gabriel Martinelli,19(8),1802,6,4,1,-,1.4,77.8,0.5,1,6.79
Nick Pope,22,1980,-,-,2,-,-,63,0.5,1,6.79
Raúl Jiménez,24(8),1972,10,3,3,-,2.5,72.6,2,2,6.79
David Raya,32,2880,-,-,2,-,-,70.6,0.3,2,6.79
Ben Davies,10(1),901,-,-,3,-,0.4,90.6,3.6,-,6.78
Leandro Trossard,23(9),2103,5,5,2,1,1.8,80.4,0.2,1,6.78
Jurriën Timber,26(3),2333,1,2,7,-,0.5,87.5,0.8,1,6.78
Anthony Elanga,25(7),2016,6,8,1,-,1.1,78,0.7,1,6.78
Alisson Becker,22,1969,-,-,-,-,-,80.5,0.3,-,6.78
Tyler Adams,15(7),1469,-,3,5,-,0.4,83.5,1.3,-,6.78
Sandro Tonali,22(8),2092,3,2,5,-,0.9,85,0.3,2,6.78
Vitalii Mykolenko,29,2544,-,1,2,-,0.4,77.7,1.5,1,6.78
Marc Guéhi,30,2700,3,2,7,1,0.4,84.2,2.2,2,6.78
Wilfred Ndidi,23,1896,-,4,6,-,0.8,81.8,2.1,1,6.78
Ethan Pinnock,21(1),1914,2,-,2,-,0.5,87.6,2.9,-,6.78
Ollie Watkins,26(6),2178,14,6,1,-,2.3,75.4,1.3,2,6.77
Lucas Digne,26(3),2163,-,4,3,-,0.4,83.2,1.2,1,6.77
Noussair Mazraoui,29(3),2485,-,1,2,-,0.4,85.6,1.3,1,6.77
Harvey Barnes,11(16),1259,9,3,-,-,1.7,81.8,0.2,1,6.77
Nico González,7,573,-,-,3,-,0.9,93.5,1.9,-,6.77
Danny Welbeck,19(6),1692,8,4,3,-,2,83.8,0.6,3,6.76
Fabian Schär,27(1),2413,3,-,6,1,1,84.1,1.3,-,6.76
Ismaïla Sarr,25(7),2283,7,4,3,-,1.4,70.4,0.9,3,6.75
Jørgen Strand Larsen,27(3),2329,12,2,4,-,1.6,64.6,2,2,6.75
Jake O'Brien,12(3),1119,2,-,4,-,0.3,77.1,2,1,6.74
Maximilian Kilman,32,2809,-,1,3,-,0.3,86.8,2.9,1,6.74
Dara O'Shea,29,2583,-,2,6,-,0.7,78.5,3.4,-,6.74
Carlos Alcaraz,4(5),432,1,1,3,-,2,79.2,1,-,6.74
Rodrigo Bentancur,18(4),1436,2,-,7,-,1,88.7,1.5,-,6.74
Liam Delap,29(2),2366,12,2,9,-,2,61.9,1.7,3,6.73
Kepa,25,2250,-,-,3,-,-,68.2,0.2,1,6.73
Ferdi Kadioglu,5(1),389,1,-,1,-,0.7,85.3,0.5,-,6.73
Wesley Fofana,14,1176,-,-,7,-,0.2,90.8,1.9,-,6.73
Destiny Udogie,22(1),1753,-,1,2,-,0.2,88.7,0.6,-,6.72
Keane Lewis-Potter,30(2),2644,1,2,5,-,0.8,80.1,0.8,1,6.72
Illia Zabarnyi,29(1),2575,-,-,3,1,0.3,81.1,2.1,1,6.72
Matthijs de Ligt,24(4),2093,2,-,3,-,0.6,90.5,2,1,6.72
Marcus Rashford,12(3),983,4,1,2,-,1.1,76.9,0.3,-,6.72
Riccardo Calafiori,11(6),929,2,1,4,-,0.6,87.7,1.3,-,6.71
Toti Gomes,24(1),2076,-,1,5,-,0.3,85.3,1.6,-,6.71
Diogo Jota,13(8),1045,6,3,2,-,2,70.3,1,1,6.71
Jan Paul van Hecke,28(1),2511,1,-,5,1,0.6,88.8,2.4,1,6.71
Harry Maguire,16(6),1419,1,-,7,-,0.5,86.9,2.3,-,6.71
Pedro Neto,18(11),1742,3,4,8,-,1.7,88.2,0.3,2,6.71
Jan Bednarek,26,2175,2,-,7,-,0.2,92.6,2.6,1,6.71
Joël Veltman,19,1647,-,-,4,-,0.3,82.2,1.2,-,6.71
Antonín Kinsky,4,360,-,-,-,-,-,77.5,0.5,-,6.71
Chris Richards,17(2),1519,1,-,2,-,0.5,81.9,1.8,-,6.70
Nélson Semedo,27(1),2422,-,4,7,-,0.5,81.7,1,-,6.70
Jadon Sancho,18(8),1614,3,4,1,-,0.8,85.5,0.2,-,6.70
Timothy Castagne,17(5),1608,-,1,1,-,0.4,83,1.6,-,6.70
Tyrick Mitchell,32,2681,-,4,2,-,0.3,73.6,0.5,-,6.69
Levi Colwill,29,2610,1,1,7,-,0.5,90.1,2.6,-,6.69
Tosin Adarabioyo,13(6),1224,1,1,3,-,0.6,91.5,1.9,-,6.69
Mateus Fernandes,28(2),2420,2,3,8,-,1.2,84,0.4,1,6.69
Axel Disasi,5(1),459,-,-,2,-,0.3,89.3,1.3,-,6.69
Yerson Mosquera,5,442,-,-,2,-,0.4,86.1,2.2,-,6.69
Sepp van den Berg,23(2),2049,-,-,2,-,0.5,84,3,-,6.69
Matty Cash,18(3),1566,1,1,6,-,0.5,85.4,0.8,-,6.68
Matt Doherty,21(4),1812,2,1,6,-,0.4,84.3,1.8,-,6.67
Harry Wilson,8(11),836,5,1,2,-,1.5,78.7,0.2,2,6.67
Lukasz Fabianski,12(1),1071,-,-,2,-,-,63.3,0.2,-,6.67
Tino Livramento,26(5),2302,-,1,1,-,0.1,86.2,0.6,-,6.66
James Milner,3,172,-,-,1,-,0.7,80,-,-,6.66
James Ward-Prowse,7(2),672,-,1,2,-,0.4,91.6,0.6,-,6.66
Aaron Ramsdale,24,2160,-,-,2,-,-,62,0.2,3,6.66
Conor Townsend,3(3),335,-,1,1,-,0.2,68.1,1,-,6.66
Cameron Burgess,13(1),1215,-,1,-,-,0.6,81.1,2.7,-,6.65
Sasa Lukic,24(1),1976,-,2,12,-,0.6,90.5,0.7,1,6.65
Kieran Trippier,11(10),1027,-,1,1,-,0.1,84.4,0.8,-,6.65
James Garner,11(4),1055,-,1,3,-,0.5,77.4,0.7,-,6.65
Ryan Yates,17(12),1739,2,1,8,-,1.1,82.8,1.6,-,6.65
Kevin Danso,4,348,-,-,-,-,1,90.9,1.8,-,6.65
Amadou Onana,16(4),1262,2,-,4,-,0.8,88.7,1.2,1,6.64
Adama Traoré,16(14),1515,2,5,2,-,1.2,81.1,0.8,1,6.64
Bernd Leno,32,2880,-,1,4,-,-,78.8,0.3,3,6.64
Adam Wharton,13(4),1128,-,1,2,-,0.6,79.5,0.4,-,6.63
Reece James,9(4),768,1,-,1,-,0.5,89.3,1.5,-,6.63
Michael Keane,9(1),812,2,-,4,-,0.8,83.2,1.9,1,6.63
Ederson,22,1961,-,4,3,-,-,86.6,0.2,1,6.63
Emiliano Martínez,31,2702,-,-,4,-,-,78.7,0.3,1,6.63
Matheus França,0(2),24,1,-,-,-,1.5,66.7,-,-,6.63
Kostas Tsimikas,6(9),573,-,1,2,-,0.2,91.5,0.3,1,6.62
Ilkay Gündogan,20(8),1790,-,4,1,-,0.8,92.6,0.4,-,6.62
Matheus Nunes,14(7),1223,-,4,3,-,0.2,88.2,0.6,1,6.62
Ethan Nwaneri,10(12),776,3,2,1,-,0.9,88.7,0.1,1,6.62
Sander Berge,21(4),1886,-,-,4,-,0.1,91.1,1,-,6.62
Marcos Senesi,12(2),1012,-,-,5,-,0.1,77.8,1.7,1,6.61
Adam Webster,8(3),618,-,-,-,-,0.1,86,1.5,-,6.61
Orel Mangala,14(5),1256,1,-,2,-,0.8,90.3,0.3,-,6.61
Facundo Buonanotte,13(14),1394,4,2,7,-,1.1,79.9,0.5,2,6.61
João Gomes,30,2525,3,1,8,1,1.1,86.5,0.3,1,6.60
Georginio Rutter,19(9),1667,5,3,2,-,1.8,68.6,0.9,-,6.60
Ezri Konsa,27(1),2397,1,-,-,-,0.3,93,0.9,-,6.60
Beto,10(14),1095,6,-,2,-,1.4,57.8,2.9,1,6.60
Reiss Nelson,5(6),486,1,1,1,-,1.1,91.4,-,-,6.60
Micky van de Ven,10(1),907,-,2,4,-,0.5,91,1.6,-,6.60
Manuel Ugarte,19(5),1537,1,-,9,-,0.7,87.9,0.7,-,6.59
Ryan Manning,15(5),1203,-,-,2,-,0.3,86.1,0.6,-,6.59
Andreas Pereira,21(8),1754,2,4,8,-,1.1,77.7,0.4,-,6.59
Dominic Calvert-Lewin,19(3),1582,3,1,2,-,2.1,63.5,3.8,1,6.59
Nicolás Domínguez,18(10),1571,-,-,8,-,0.6,87.8,0.6,-,6.59
Caoimhín Kelleher,10,900,-,-,-,-,-,72.1,0.2,-,6.59
Dean Henderson,32,2880,-,-,3,-,-,58.2,0.3,1,6.59
Boubacar Kamara,14(6),1201,-,-,2,-,0.3,89.2,0.7,2,6.59
Rúben Dias,19(2),1729,-,-,4,-,0.7,93.6,1.3,-,6.59
Arijanet Muric,18,1620,-,-,1,-,-,68.2,0.6,2,6.59
Marc Cucurella,27(3),2451,4,1,7,1,0.6,88.9,0.8,2,6.59
Jefferson Lerma,22(5),1899,-,1,7,-,0.9,78,1.6,-,6.59
Andy Robertson,26(4),2228,-,-,3,1,0.4,88.5,0.2,-,6.58
Robin Olsen,1(2),180,-,-,-,-,-,70.7,-,-,6.58
Yasin Ayari,18(10),1637,-,1,3,-,0.9,85.2,0.5,-,6.58
Jonny Evans,3(3),290,-,-,1,-,0.2,89.1,1.5,-,6.57
Konstantinos Mavropanos,19(9),1846,-,-,3,1,0.6,86.4,2,-,6.57
Emerson,23(4),1865,2,1,5,-,0.5,81.6,0.6,-,6.57
André Onana,31,2790,-,-,-,-,-,70,0.2,-,6.57
Gabriel Jesus,6(11),604,3,-,4,-,1.2,80,0.5,1,6.57
Lucas Paquetá,24(4),2083,4,-,8,-,1.4,78,1.5,-,6.57
Curtis Jones,16(11),1418,3,3,1,1,1.1,94.1,0.5,1,6.56
Joe Gomez,6(3),519,-,-,1,-,0.3,89.4,1,-,6.56
Rodrigo Muniz,8(23),952,8,1,1,-,1.3,65.7,2.2,1,6.56
Ben White,8(4),764,-,1,2,-,0.5,85.1,0.9,-,6.56
Robert Sánchez,26,2340,-,-,5,-,-,67.9,0.2,2,6.56
Emile Smith Rowe,23(6),1846,5,2,2,-,1.1,91.2,0.2,-,6.55
Ashley Young,17(10),1586,1,3,6,1,0.2,72.7,0.4,1,6.55
Pape Sarr,17(13),1512,3,2,6,-,0.9,88.1,0.8,1,6.55
Toby Collyer,0(6),175,-,-,-,-,0.2,82.2,0.5,-,6.55
Jacob Greaves,19,1666,1,-,4,-,0.4,87.6,2.9,-,6.55
Jamie Vardy,30,2433,7,3,5,-,1.7,70.4,1.6,1,6.55
Rodri,1(1),66,-,-,-,-,-,93.4,0.5,-,6.55
André,25(2),2009,-,-,6,-,0.3,92.8,0.1,-,6.54
Ross Barkley,3(13),546,3,1,3,-,0.9,86.8,0.4,1,6.54
Trevoh Chalobah,7(2),566,-,1,1,-,0.7,90.2,2,1,6.53
James Justin,30,2535,2,1,5,-,0.8,77.1,1.9,-,6.53
Leif Davis,29(1),2535,1,2,5,-,0.5,80.6,1.1,1,6.53
Richarlison,2(8),294,3,1,1,-,0.8,69,0.8,-,6.53
Victor Kristiansen,28,2388,-,1,1,-,0.1,82.1,0.7,-,6.53
Ryan Sessegnon,3(7),245,3,1,-,-,1,76.2,0.4,-,6.53
Álex Moreno,11(4),960,-,1,2,-,0.4,77.8,0.2,-,6.53
Mads Hermansen,25,2206,-,-,1,-,-,56.8,0.2,-,6.52
Carlos Alcaraz,0(1),9,-,-,-,-,1,100,1,-,6.52
Fraser Forster,7,630,-,-,-,-,-,82.6,0.1,-,6.52
Darwin Núñez,8(17),1005,5,2,8,-,1.2,71,0.6,-,6.52
João Félix,3(9),364,1,1,2,-,1.7,86.2,0.3,-,6.52
Vitaly Janelt,27(4),2264,1,3,3,-,0.5,84.5,0.6,-,6.52
Alphonse Areola,20(1),1810,-,-,-,-,-,66.1,0.1,-,6.51
Abdoulaye Doucouré,27(1),2257,3,1,3,1,0.9,82.4,1,-,6.51
Jack Hinshelwood,18(2),1511,2,-,4,-,0.6,85.3,0.9,1,6.51
Calvin Bassey,29(1),2624,1,-,5,-,0.4,89.8,1.3,-,6.51
Kobbie Mainoo,15(4),1299,-,-,5,-,0.5,87.1,0.8,1,6.51
Alejandro Garnacho,20(11),1875,5,1,2,-,2.3,83.6,0.1,1,6.50
Jean-Ricner Bellegarde,18(12),1489,2,6,3,-,0.7,83.7,0.3,1,6.50
Paul Onuachu,10(12),911,4,1,3,-,1.4,61.8,3.8,1,6.50
Lucas Bergvall,10(15),1107,-,1,3,-,0.5,89.4,0.3,-,6.50
Nathan Aké,8(2),683,-,-,-,-,0.3,94.4,1.3,-,6.50
John McGinn,23(5),1898,1,3,7,-,0.9,87.6,0.5,-,6.49
Omari Hutchinson,26(1),2234,3,2,5,-,1.3,83.8,0.3,1,6.49
Mathys Tel,5(2),402,2,-,-,-,1.9,81.4,0.1,-,6.49
Niclas Füllkrug,3(9),461,3,1,2,-,1,65.1,2.1,-,6.49
Kristoffer Ajer,17(2),1373,-,-,4,-,0.4,77.5,1.5,-,6.48
Donyell Malen,2(7),257,3,-,-,-,1.1,79.2,0.1,-,6.48
Tyler Dibling,18(10),1669,2,-,6,-,1,83.9,0.3,1,6.48
Benoît Badiashile,3(2),334,-,-,-,-,-,90.1,1.6,-,6.48
Will Hughes,20(7),1764,-,3,11,-,0.7,81.7,0.6,-,6.48
Alex Scott,5(10),563,-,-,1,-,0.8,86.2,0.3,-,6.48
Bilal El Khannouss,22(5),1758,2,2,4,-,0.8,80.1,0.7,1,6.48
Stephy Mavididi,15(14),1533,4,1,2,-,0.9,82.6,0.3,1,6.48
Tariq Lamptey,9(4),766,2,2,-,-,0.5,88.6,0.1,-,6.47
Rico Lewis,20(6),1810,1,2,3,1,0.4,91.8,0.2,-,6.47
Matt O'Riley,7(8),612,1,1,1,-,1.1,85.8,0.3,-,6.47
Jakub Stolarczyk,6,540,-,-,1,-,-,64.7,0.5,-,6.47
Jaden Philogene,5(5),475,2,-,1,-,1.2,78.4,0.5,1,6.47
Jesper Lindstrøm,15(10),1242,-,1,2,-,1.1,78.7,0.2,1,6.47
James Hill,6(4),448,-,1,1,-,0.6,71.7,1.5,-,6.47
Luis Sinisterra,1(11),230,1,1,-,-,1.1,83.5,0.3,-,6.47
Jack Grealish,7(12),715,1,1,3,-,0.8,91,0.1,-,6.46
Kyle Walker-Peters,30,2652,-,2,5,-,0.6,90.8,0.3,-,6.46
Jacob Ramsey,17(7),1417,1,3,1,-,0.7,87.1,0.3,-,6.46
Takehiro Tomiyasu,0(1),6,-,-,-,-,1,75,-,-,6.46
Malo Gusto,19(8),1775,-,1,4,-,0.8,88.9,0.3,-,6.46
Myles Lewis-Skelly,11(6),963,1,-,2,2,0.1,93.7,0.4,-,6.46
Jota Silva,5(22),817,3,1,5,-,0.8,66.5,0.8,-,6.45
Bart Verbruggen,30,2700,-,1,6,-,-,76.5,0.3,1,6.45
Vítezslav Jaros,0(1),11,-,-,-,-,-,66.7,-,-,6.45
Stefan Ortega,10(1),919,-,-,1,-,-,81.3,0.1,-,6.45
Ibrahim Sangaré,3(5),276,-,1,2,-,0.1,78.5,0.6,-,6.45
Jordan Ayew,15(10),1314,4,-,5,-,1,77.9,1.4,-,6.44
Romain Esse,0(3),22,1,-,-,-,0.3,84.6,0.3,-,6.44
Abdukodir Khusanov,6,504,-,-,1,-,0.2,91.3,1.2,-,6.44
Axel Disasi,4(2),365,1,-,1,-,0.3,91.7,0.8,-,6.44
Jhon Durán,4(16),627,7,-,3,1,1.6,72.3,1,-,6.43
Sergio Reguilón,0(3),121,-,-,2,-,0.3,72.8,1.7,-,6.43
Sam Johnstone,7,630,-,-,-,-,-,62.7,0.6,-,6.43
Pau Torres,19,1640,-,-,1,-,0.4,88.5,0.8,-,6.43
Christian Eriksen,10(8),904,-,1,3,-,0.3,86.4,0.1,-,6.43
Ben Johnson,12(8),1217,1,2,3,-,0.4,76.9,1,1,6.43
Manuel Akanji,20,1710,-,-,3,-,0.5,94.5,1.2,-,6.43
Jean-Clair Todibo,14(7),1310,-,-,2,-,0.2,87.5,1,-,6.42
Roméo Lavia,8(3),546,-,1,4,-,0.1,92.1,0.6,-,6.42
Yves Bissouma,15(9),1212,2,-,7,-,0.4,89.7,0.2,-,6.42
José Sá,25,2250,-,-,2,-,-,57.6,0.4,-,6.42
Chadi Riad,1,90,-,-,-,-,-,85.4,2,-,6.42
Leon Bailey,14(9),1143,1,2,3,-,1.2,77.3,0.3,1,6.42
John Stones,6(5),547,2,-,1,-,0.2,91.3,0.7,-,6.42
Jens Cajuste,22(3),1710,1,-,2,-,0.4,86.4,0.5,-,6.42
Billy Gilmour,1(1),98,-,-,-,-,0.5,87.9,-,-,6.42
Jack Harrison,20(8),1755,1,-,-,-,1,73.5,0.1,1,6.41
Ian Maatsen,6(18),787,-,2,2,-,0.5,88.3,0.3,1,6.41
Christopher Nkunku,9(18),912,3,2,2,-,0.9,90.6,0.6,1,6.41
Luke Woolfenden,10(3),1007,-,-,2,-,0.1,88.3,1.2,-,6.40
Mathias Jensen,8(10),754,-,1,1,-,0.3,82.3,0.4,-,6.40
Kamaldeen Sulemana,11(9),970,1,1,-,-,1,83.3,0.3,-,6.40
Edson Álvarez,19(6),1647,-,1,6,1,0.4,86.5,1.1,-,6.40
Joe Aribo,20(10),1915,3,-,1,-,0.6,89.2,0.9,-,6.40
Jarell Quansah,2(9),309,-,-,1,-,0.1,91.6,0.5,-,6.40
Philip Billing,1(9),178,-,-,1,-,0.5,74.4,0.6,-,6.40
Wout Faes,24(4),2273,1,-,3,-,0.4,87.3,1.5,-,6.40
Diego Gómez,4(6),417,-,-,-,-,0.3,81.7,0.7,-,6.39
Sam Morsy,25(2),2241,1,1,9,-,0.3,87.5,0.5,-,6.39
Lewis Dunk,20(2),1813,-,-,5,-,0.5,91.1,2,-,6.39
Crysencio Summerville,7(12),784,1,1,2,-,0.7,79.2,0.2,-,6.38
Aaron Cresswell,7(7),587,-,-,2,-,0.2,85.1,0.5,1,6.38
Jannik Vestergaard,16(2),1396,-,-,5,-,0.2,90.8,1.5,-,6.38
Ollie Scarles,6(7),583,-,-,1,-,0.2,81,0.4,-,6.38
Taylor Harwood-Bellis,27(2),2392,1,-,8,-,0.7,88.7,1.7,-,6.38
Pablo Sarabia,7(12),657,2,2,2,-,0.8,77.2,0.3,1,6.38
Mads Roerslev,11(8),1097,-,2,2,-,0.3,82.1,0.5,-,6.38
Santiago Bueno,17(8),1579,-,-,2,-,0.2,88,1.4,-,6.37
Séamus Coleman,2(1),197,-,-,1,-,0.3,71.9,0.3,-,6.37
David Brooks,8(16),787,2,-,3,-,0.9,79.9,0.3,-,6.37
Jack Clarke,9(17),952,-,4,2,-,0.5,79.1,0.2,-,6.37
Julio Enciso,2(10),288,-,-,-,-,1.7,73.8,0.5,-,6.37
Caleb Okoli,12(6),1125,1,-,4,-,0.2,86.6,1.3,-,6.36
Nathan Broadhead,6(10),600,1,-,1,-,0.6,80,0.1,-,6.36
Carlos Vinícius,0(1),3,-,-,-,-,1,-,-,-,6.36
Michail Antonio,11(3),845,1,1,1,-,1.4,70.8,1.2,-,6.36
Christian Walton,6,540,-,-,-,-,-,62.8,0.3,-,6.36
Igor Thiago,1(3),130,-,-,-,-,0.3,73.7,1,-,6.36
Josh King,1(4),79,-,-,-,-,0.2,88.9,-,-,6.36
Adam Smith,15(5),1244,-,-,5,-,0.1,77.5,0.6,-,6.35
Conor Bradley,3(11),456,-,1,2,-,0.6,85,0.5,-,6.35
Harry Amass,1(1),76,-,-,-,-,0.5,87.5,1,-,6.35
Patrick Dorgu,5(1),438,-,-,1,1,1.3,85.2,1.5,-,6.34
Guido Rodríguez,14(6),1026,-,-,5,-,0.4,84.6,0.4,-,6.34
Yehor Yarmoliuk,9(16),957,-,-,4,-,0.4,87,0.3,-,6.34
Harry Winks,17(5),1541,-,2,4,-,0.5,88.9,0.4,-,6.33
Simon Adingra,8(15),817,2,1,-,-,1,81.1,0.2,-,6.33
Radu Dragusin,14(2),1254,-,-,1,-,0.3,85.2,2.1,-,6.33
Morato,5(17),744,-,-,2,-,0.1,74.8,0.2,-,6.33
Willy-Arnaud Boly,1(5),147,-,-,1,-,0.2,78.6,1,-,6.33
Luke Thomas,7(1),604,-,-,1,-,0.4,84.2,0.9,-,6.33
Igor Julio,9(3),901,-,-,4,-,0.1,92.7,0.7,-,6.33
Filip Jørgensen,6,540,-,-,-,-,-,82.4,0.2,-,6.33
Welington,3(3),209,-,-,1,-,0.2,79.3,-,-,6.33
Lesley Ugochukwu,13(8),1276,-,1,5,-,0.4,85.5,0.7,-,6.33
Tyrique George,0(5),84,-,1,1,-,0.4,87.2,-,-,6.32
Antony,0(8),135,-,-,-,-,0.8,81.4,-,-,6.32
Ben Chilwell,0(6),136,-,-,1,-,0.3,64.9,0.5,-,6.32
Leny Yoro,10(7),966,-,-,5,-,0.3,92.6,0.6,-,6.32
James McAtee,1(11),217,3,-,1,-,0.9,83.1,0.1,-,6.32
Tim Iroegbunam,5(10),547,-,1,3,-,0.3,73.9,0.5,-,6.32
Luke Shaw,0(3),80,-,-,-,-,-,87.8,-,-,6.32
Pedro Lima,1(2),70,-,-,-,-,0.3,76.9,-,-,6.32
Joshua Zirkzee,14(18),1395,3,1,2,-,0.9,72.1,0.7,-,6.32
Max Aarons,1(2),86,-,-,-,-,-,80.4,-,-,6.32
Mats Wieffer,4(15),505,1,2,4,-,0.3,86.9,1.1,1,6.32
Sam Szmodics,13(6),988,4,-,2,-,1.1,76.8,0.3,-,6.32
Issa Diop,15(6),1336,-,-,2,-,0.2,87.5,1,-,6.32
Jakub Kiwior,4(7),577,-,-,-,-,0.2,89.2,0.6,-,6.31
Boubakary Soumaré,21(4),1819,-,-,8,-,0.3,87.5,0.7,-,6.31
Lamare Bogarde,5(3),476,-,-,2,-,0.1,88.1,0.8,-,6.31
Kieran Tierney,1(7),155,-,-,-,-,0.1,89.4,0.5,-,6.30
Chiedozie Ogbene,3(2),240,-,-,-,-,-,79.5,0.2,-,6.30
Danny Ings,1(14),274,1,2,-,-,0.9,71.6,0.5,-,6.29
Timo Werner,4(14),508,-,3,-,-,0.4,74.2,-,-,6.29
Axel Tuanzebe,16(1),1361,-,1,3,1,0.2,85.8,0.8,-,6.29
Daichi Kamada,12(16),1225,-,-,3,1,0.6,81.7,0.1,-,6.29
Raheem Sterling,5(8),353,-,2,1,-,0.8,81.4,0.1,-,6.29
Ramón Sosa,1(15),253,1,-,1,-,0.6,72.4,0.3,-,6.29
Dane Scarlett,0(3),31,-,1,-,-,0.3,60,0.3,-,6.29
Carlos Soler,13(14),1259,1,1,5,-,0.9,88,0.4,-,6.29
Charlie Taylor,2(5),263,-,-,1,-,-,92.5,0.6,-,6.29
Youssef Chermiti,0(2),15,-,-,1,-,1,40,0.5,-,6.29
Flynn Downes,19(2),1616,1,-,10,-,0.4,90.2,0.5,-,6.28
Rodrigo Gomes,6(13),609,1,-,-,-,0.2,68.9,0.3,-,6.28
Michael Kayode,0(6),58,-,-,-,-,-,79.2,0.2,-,6.28
Eddie Nketiah,7(16),779,1,1,3,1,1.4,75.4,0.7,-,6.28
Vladimír Coufal,8(8),768,-,-,3,-,0.3,80.9,1.1,-,6.27
Jorge Cuenca,3(3),259,-,-,-,-,0.2,84,1,-,6.27
Matt Targett,0(1),12,-,-,-,-,-,100,-,-,6.27
Nathan Wood,7(2),625,-,-,2,-,0.2,93.8,1.2,-,6.27
Alex McCarthy,5,450,-,-,-,-,-,69.8,0.4,-,6.27
Renato Veiga,1(6),177,-,-,2,-,0.4,84.1,0.4,-,6.27
Kyle Walker,9(6),967,-,-,3,-,0.3,88.6,0.6,-,6.27
Cheick Doucouré,4(9),447,-,-,1,-,0.5,85.7,0.4,-,6.27
Harvey Elliott,0(12),156,-,1,-,-,0.8,84.6,0.1,-,6.27
Samuel Edozie,0(2),64,-,-,1,-,-,82.8,-,-,6.27
Hákon Valdimarsson,1(1),144,-,-,-,-,-,61.9,0.5,-,6.27
Fábio Carvalho,3(16),447,2,1,1,-,0.6,74.7,0.1,-,6.26
Armel Bella-Kotchap,2(2),329,-,-,-,-,0.3,90.6,1.5,-,6.26
Hamza Choudhury,1(3),130,-,-,-,-,-,89.5,-,-,6.26
Tom Cairney,2(18),458,1,-,3,1,0.3,92.8,0.2,-,6.26
James Bree,11(3),892,-,1,-,-,0.3,87,0.9,-,6.26
Sean Longstaff,8(16),787,-,-,2,-,0.3,86,0.4,-,6.26
Craig Dawson,10(5),969,-,-,2,-,0.3,86.7,1.4,-,6.26
Lloyd Kelly,4(6),302,-,1,2,-,0.3,81.2,0.7,-,6.26
Victor Lindelöf,3(7),362,-,-,1,-,-,92.2,1,-,6.26
Enes Ünal,2(15),332,2,1,2,-,1.2,67,1.4,-,6.25
Kiernan Dewsbury-Hall,2(9),254,-,1,-,-,0.1,85.8,-,-,6.25
Ricardo Pereira,2(4),213,-,-,1,-,0.3,83.3,0.2,-,6.25
Joe Willock,9(18),863,-,2,2,-,0.5,85.8,0.1,-,6.25
Conor Chaplin,7(9),620,1,1,1,-,0.8,75.3,0.1,-,6.25
Danilo,4(2),211,-,-,-,-,-,83.1,0.2,-,6.25
Oleksandr Zinchenko,3(8),356,-,-,1,-,0.4,82.9,0.9,-,6.25
Joachim Andersen,1,90,-,-,1,-,1,74.4,2,-,6.25
Oscar Bobb,0(2),13,-,-,-,-,-,81.8,-,-,6.25
Kasey McAteer,5(8),481,-,1,1,-,0.6,74.1,0.7,-,6.25
George Hirst,2(18),358,2,1,1,-,0.4,56.1,1.3,-,6.25
Solly March,0(6),75,-,-,2,-,0.2,64.5,0.2,-,6.24
Jay Robinson,0(1),1,-,-,-,-,-,100,-,-,6.24
Rico Henry,0(1),3,-,-,-,-,-,33.3,1,-,6.24
Rasmus Højlund,18(9),1592,3,-,2,-,0.9,79.2,0.7,-,6.24
Kalvin Phillips,14(4),1218,-,-,4,1,0.6,81,0.4,-,6.23
Armando Broja,3(6),268,-,-,1,-,0.4,80.3,1.4,-,6.23
Gonçalo Guedes,7(17),764,2,4,1,-,0.8,75.7,0.2,-,6.23
Lewis Miley,1(10),219,1,-,-,-,0.3,87.1,0.5,-,6.23
Diego Carlos,8(2),829,-,-,1,-,0.4,89,1.1,-,6.23
Wes Burns,12(6),933,-,1,1,-,0.4,69.8,0.4,-,6.22
Nathan Patterson,1(7),199,-,-,-,-,0.1,78.3,0.1,-,6.22
Brajan Gruda,6(10),494,-,1,-,-,0.3,77.2,0.2,-,6.22
Adam Lallana,5(9),357,-,2,4,-,0.2,85.5,0.1,-,6.22
Wilson Odobert,5(5),448,-,-,-,-,0.9,85.4,0.3,-,6.21
Yukinari Sugawara,15(14),1470,1,1,4,-,0.4,84.5,0.2,-,6.20
Emil Krafth,2(6),269,-,-,-,-,0.1,80.9,0.6,-,6.20
Evan Ferguson,1(5),138,-,-,-,-,0.8,78.1,0.8,-,6.20
Jorginho,9(5),703,-,-,5,-,0.1,86.9,0.1,-,6.20
Paris Maghoma,0(8),113,-,-,-,-,0.1,93.8,0.1,-,6.20
Justin Devenny,3(15),341,1,-,-,-,0.4,78.7,0.1,-,6.19
Harry Toffolo,0(3),45,-,-,-,-,0.3,85.7,0.3,-,6.19
Mykhailo Mudryk,1(6),146,-,-,-,-,0.1,77.1,0.3,-,6.18
Andrés García,5(2),320,-,-,-,-,0.3,92.4,-,-,6.18
Ben Winterburn,0(3),21,-,-,-,-,-,71.4,0.3,-,6.18
Mikey Moore,2(5),182,-,1,-,-,0.4,85.2,0.1,-,6.17
Adam Armstrong,15(5),1255,2,2,4,-,1.3,83.6,0.3,-,6.17
Archie Gray,14(9),1340,-,-,-,-,-,90.5,0.4,-,6.17
Andy Irving,1(9),162,-,-,2,-,0.4,90,0.1,-,6.17
Kosta Nedeljkovic,0(5),121,-,-,-,-,-,90.2,-,-,6.16
Eric da Silva Moreira,0(2),28,-,-,-,-,-,83.3,-,-,6.16
Chiquinho,0(1),6,-,-,-,-,-,100,-,-,6.16
Julio Soler,0(1),1,-,-,-,-,-,-,-,-,6.16
Jack Taylor,1(25),536,1,-,3,-,0.6,82.5,0.3,-,6.16
Evan Ferguson,2(11),236,1,-,-,-,0.5,75.4,0.3,-,6.16
Hwang Hee-Chan,5(14),638,2,-,-,-,0.3,83.9,0.2,-,6.16
Maxwel Cornet,1(1),72,-,-,1,-,0.5,89.5,1.5,-,6.16
Reiss Nelson,0(1),2,-,-,-,-,-,-,-,-,6.15
Tommy Doyle,3(21),477,-,1,1,-,0.4,85.4,-,-,6.15
Oliver Skipp,7(11),847,-,-,6,-,0.2,85,0.5,-,6.15
Luis Guilherme,1(9),114,-,-,-,-,0.2,90.9,0.2,-,6.15
James Ward-Prowse,5(4),399,-,1,-,1,0.2,86.4,0.3,-,6.14
Ben Mee,2(5),181,-,-,2,-,-,77.6,0.7,-,6.14
Woyo Coulibaly,1(3),108,-,-,1,-,0.5,84.1,-,-,6.14
Cameron Archer,13(16),1312,2,-,-,-,1,82.6,0.3,-,6.14
Will Smallbone,6(8),608,1,-,1,-,0.4,83.7,0.3,-,6.14
Ryan Trevitt,0(1),3,-,-,-,-,-,66.7,-,-,6.13
Patson Daka,5(14),609,1,-,-,-,0.8,74,0.6,-,6.13
Federico Chiesa,0(4),33,-,-,-,-,1,90.9,-,-,6.13
Jakub Moder,0(4),9,-,-,-,-,-,81,-,-,6.12
Miguel Almirón,1(8),151,-,-,-,-,0.7,82.8,-,-,6.12
Jeremy Sarmiento,0(1),8,-,-,-,-,-,100,-,-,6.12
Joe Lumley,3,270,-,-,-,-,-,67.6,0.7,-,6.12
Bobby De Cordova-Reid,7(14),637,1,2,2,-,0.3,75.4,0.2,-,6.12
Willian,1(6),157,-,-,-,-,0.4,88.2,0.1,-,6.12
Jayden Meghoma,0(1),4,-,-,-,-,-,100,-,-,6.11
Julián Araujo,5(3),357,-,-,1,-,-,81.2,0.3,-,6.11
Lewis Orford,0(2),47,-,-,-,-,0.5,86.5,-,-,6.11
Wataru Endo,0(16),144,-,-,-,-,-,93.1,0.1,-,6.11
Taiwo Awoniyi,3(20),352,1,-,-,-,0.4,67.1,0.5,-,6.10
Asher Agbinone,0(2),4,-,-,-,-,0.5,100,-,-,6.10
Yunus Konak,0(7),27,-,-,-,-,0.1,73.1,0.6,-,6.10
Mason Mount,4(7),315,-,-,3,-,0.5,81.1,0.2,-,6.09
Chido Obi,0(3),26,-,-,1,-,-,75,0.3,-,6.09
Divin Mubama,0(1),27,-,-,-,-,1,66.7,-,-,6.09
Daniel Jebbison,0(11),65,-,-,1,-,0.2,86.2,0.2,-,6.09
Caleb Kporha,0(2),11,-,-,-,-,-,75,-,-,6.09
Carlos Forbs,1(8),233,-,-,2,-,0.2,69.7,0.1,-,6.08
Albert Grønbæk,2(2),143,-,-,-,-,0.5,76.5,0.5,-,6.08
Alfie Dorrington,0(1),13,-,-,-,-,-,93.8,-,-,6.08
Martial Godo,0(1),14,-,-,-,-,-,75,-,-,6.08
Roman Dixon,1,90,-,-,-,-,-,56.3,-,-,6.08
Ben Brereton,4(6),448,-,-,1,-,1.1,79.2,0.9,-,6.07
Emiliano Buendía,0(12),89,-,-,1,-,0.4,81.7,-,-,6.07
William Osula,0(11),83,-,-,-,-,0.1,40,0.3,-,6.07
Jack Stephens,12(2),989,-,-,2,2,0.1,91.9,0.3,-,6.06
Massimo Luongo,2(5),181,-,-,-,-,-,76.5,0.1,-,6.06
Odsonne Édouard,0(4),26,-,-,-,-,-,75,0.3,-,6.05
Harrison Reed,0(11),85,-,-,2,-,0.3,79.2,0.1,-,6.05
Kim Ji-Soo,0(3),29,-,-,-,-,-,89.3,-,-,6.05
Daniel Podence,0(2),47,-,-,-,-,0.5,73.3,-,-,6.05
Scott McTominay,0(2),17,-,-,-,-,0.5,100,0.5,-,6.05
Conor Coady,13(3),1174,-,-,2,-,-,91,0.8,-,6.04
Jeffrey Schlupp,0(12),95,-,-,-,-,0.3,86,0.3,-,6.04
Nathaniel Clyne,5(8),481,-,-,1,-,0.2,77.8,0.1,-,6.04
Marc Guiu,0(3),71,-,-,-,-,-,68.8,-,-,6.04
Sam Amo-Ameyaw,0(2),26,-,-,1,-,0.5,100,-,-,6.04
Eiran Cashin,0(1),18,-,-,-,-,-,88,2,-,6.03
Mathis Amougou,0(1),7,-,-,-,-,-,100,-,-,6.03
Tyrell Malacia,2(1),101,-,-,1,-,-,89.6,-,-,6.02
Jahmai Simpson-Pusey,1(1),95,-,-,1,-,-,93,0.5,-,6.01
Ronnie Edwards,0(1),12,-,-,-,-,-,100,-,-,6.01
Josh Acheampong,2(2),169,-,-,1,-,0.5,83.7,0.3,-,6.00
Alfie Pond,0(1),1,-,-,-,-,-,100,-,-,6.00
Boubacar Traoré,0(1),1,-,-,-,-,-,-,-,-,6.00
Gustavo Nunes,0(1),1,-,-,-,-,-,-,-,-,6.00
Jake Evans,0(1),1,-,-,-,-,-,-,-,-,6.00
Jay Stansfield,0(1),1,-,-,-,-,-,-,-,-,6.00
Joel Ward,0(1),1,-,-,-,-,-,-,1,-,6.00
Kaelan Casey,0(1),1,-,-,-,-,-,-,1,-,6.00
Nasser Djiga,0(3),19,-,-,-,-,-,100,0.3,-,6.00
Remy Rees-Dottin,0(1),1,-,-,-,-,-,-,-,-,6.00
Shumaira Mheuka,0(1),1,-,-,-,-,1,-,1,-,6.00
Vitor Reis,0(1),1,-,-,-,-,-,100,-,-,6.00
Will Alves,0(1),1,-,-,-,-,-,100,-,-,6.00
Zain Silcott-Duberry,0(1),1,-,-,-,-,-,50,-,-,6.00
Will Lankshear,0(3),10,-,-,-,-,-,-,-,-,6.00
Ali Al-Hamadi,0(11),125,-,-,3,-,0.4,83.3,0.5,-,5.99
Ross Stewart,1(5),167,-,-,1,-,0.3,78.2,1,-,5.99
George Edmundson,0(1),1,-,-,-,-,-,50,-,-,5.99
Ryan Fraser,4(4),307,-,-,-,1,0.1,85.1,0.3,-,5.96
Danny Ward,1(1),135,-,-,-,-,-,72.7,-,-,5.95
Odsonne Édouard,1(1),116,-,-,-,-,2.5,63,0.5,-,5.95
Callum Wilson,1(11),230,-,-,1,-,0.4,70.6,0.1,-,5.94
Harrison Armstrong,0(3),47,-,-,1,-,0.3,53.8,-,-,5.94
Frank Onyeka,0(2),23,-,-,-,-,-,85.7,-,-,5.94
Marcus Harness,0(2),43,-,-,-,-,-,62.5,-,-,5.94
Jaden Philogene,2(9),326,-,-,2,1,0.6,76.5,-,-,5.92
Jordan Ayew,0(1),20,-,-,1,-,1,88.9,1,-,5.90
Jeremy Monga,0(1),16,-,-,-,-,-,66.7,-,-,5.87
Mason Holgate,0(1),5,-,-,-,-,-,-,-,-,5.87
Harry Clarke,4(3),378,-,-,1,1,0.1,82.2,1.4,-,5.85
Jayden Danns,0(1),10,-,-,-,-,-,100,-,-,5.84
Ben Godfrey,2,110,-,-,1,-,-,83.3,1,-,5.54
Altay Bayindir,1,90,-,-,-,-,-,49.1,1,-,4.94
