,Player,Apps,Mins,Goals,Assists,Yel,Red,SpG,PS%,AerialsWon,MotM,Rating
0,Lamine Yamal,27(3),2452,6,12,3,-,3.8,78.3,-,9,7.94
1,Sergio Arribas,1,90,-,-,-,-,-,68.3,1,-,7.78
2,Aitor Fernández,1,90,-,-,-,-,-,61,-,-,7.77
3,Raphinha,28(3),2466,15,9,4,-,3.1,78.6,0.3,10,7.70
4,Kylian Mbappé,29,2467,22,3,3,1,4.4,85,0.1,7,7.65
5,Cucho Hernández,10,797,3,1,-,-,2.9,74.9,2.5,2,7.38
6,Robert Lewandowski,29(2),2454,25,2,1,-,3.5,74.5,1.1,4,7.31
7,Jude Bellingham,25(2),2135,8,7,3,1,2,87.8,0.9,4,7.26
8,Vinícius Júnior,22(5),2046,11,5,8,1,2.9,78.9,-,4,7.24
9,Álex Baena,26(1),2261,6,7,8,-,2.2,73.8,0.6,3,7.22
10,Isco,15(2),1289,8,5,5,-,2.2,86.7,0.7,3,7.21
11,Pedri,30(2),2544,4,4,2,-,0.8,88.5,0.2,-,7.19
12,Federico Valverde,29(2),2584,6,4,3,-,1.5,90.6,0.8,4,7.19
13,Antony,12,1017,3,2,1,1,2.6,83.4,0.3,-,7.17
14,Rodrygo,22(8),1938,6,5,-,-,1.8,90.9,0.2,3,7.13
15,Dani Olmo,11(9),1004,9,2,-,-,1.9,81.6,0.5,1,7.11
16,Ayoze Pérez,18(8),1678,14,2,3,-,2.6,77.2,0.5,3,7.03
17,Leo Román,6,540,-,-,-,-,-,54.7,0.2,2,7.03
18,Éder Militão,11(1),940,1,1,2,-,0.8,89.8,1.8,1,7.02
19,Dodi Lukébakio,32(1),2743,11,2,2,1,2.4,81.7,0.5,4,7.00
20,Pelayo Fernández,1,90,-,-,1,-,-,83.3,3,-,7.00
21,Juan Foyth,13(2),1171,1,-,4,-,0.8,86.5,2.3,-,7.00
22,Nico Williams,21(7),1921,5,5,1,-,1.9,79.6,0.4,1,6.99
23,Giovani Lo Celso,12(9),1219,7,2,4,-,1.3,84.1,0.2,3,6.99
24,Ramon Terrats,10,827,4,-,1,-,1.3,72.7,1.1,2,6.99
25,Iñigo Martínez,26,2313,-,4,4,-,0.5,91.4,2.3,1,6.98
26,Yeray Álvarez,18(1),1601,1,-,4,-,0.4,84.5,2.2,3,6.98
27,Marc Bartra,19(2),1758,2,1,1,-,0.8,81,2,-,6.97
28,Joan García,33,2970,-,-,2,-,-,66,0.7,6,6.97
29,Ante Budimir,29(4),2555,18,3,3,-,2.5,55.5,3.8,5,6.97
30,Iñaki Williams,28(4),2556,6,8,1,-,2,69.8,0.9,4,6.96
31,Ángel Ortiz,4,345,-,1,-,-,0.3,78.2,1.3,1,6.95
32,Lucas Ocampos,2,176,-,1,-,-,2,73.2,1.5,-,6.95
33,Nayef Aguerd,20,1675,-,-,5,-,0.8,87.9,3,-,6.94
34,Johnny Cardoso,22(3),1952,3,1,5,-,0.8,85.5,1.1,-,6.94
35,Unai Núñez,6(2),582,-,-,4,-,0.1,87.4,1.6,-,6.93
36,Eduardo Camavinga,11(8),1098,1,2,2,-,0.4,89,1.2,1,6.93
37,Omar Alderete,30,2651,1,-,7,-,1.1,67.8,2.9,2,6.93
38,Sergi Cardona,31,2684,1,7,11,-,0.6,79.3,1.3,3,6.91
39,Oihan Sancet,18(7),1480,15,1,2,-,1.8,84.3,0.4,4,6.91
40,Ronald Araujo,8(1),554,1,1,1,-,0.4,91.1,2.8,-,6.91
41,Andrei Ratiu,30(1),2719,2,3,5,-,0.9,84.6,0.5,3,6.91
42,Julián Alvarez,26(7),2187,15,2,4,-,2,78.9,0.4,4,6.91
43,Dani Raba,19(5),1554,7,4,5,-,1.3,71.7,0.2,1,6.90
44,Aurélien Tchouaméni,27(1),2365,-,-,4,-,0.5,92.9,2.5,-,6.90
45,Antoine Griezmann,27(6),2291,8,6,2,-,1.4,80,0.6,2,6.90
46,Marcos Llorente,23(5),2066,2,4,-,1,0.5,88,0.4,2,6.89
47,Dani Carvajal,7(1),611,1,-,2,-,0.4,88.1,0.9,-,6.89
48,Pablo Maffeo,25(1),2124,-,1,5,-,0.3,75.3,0.7,1,6.89
49,Jules Koundé,29(3),2606,2,3,4,-,0.6,88.6,0.9,3,6.89
50,José Gayà,18(1),1487,-,1,6,-,0.6,81.2,0.5,-,6.88
51,Juan Musso,1,90,-,-,-,-,-,78.3,1,-,6.88
52,Dani Vivian,24(3),2217,3,-,3,-,0.6,87.4,1.3,2,6.88
53,Lucas Torró,30,2560,3,-,10,-,0.8,76.5,5,1,6.88
54,Antonio Raíllo,31,2759,2,-,5,1,1,88.5,3.6,2,6.87
55,Diego Llorente,29(1),2522,2,-,4,-,0.4,86.9,2.6,1,6.87
56,Fábio Silva,22(2),1877,10,3,7,-,2,68.6,2.2,2,6.87
57,Luis Milla,28(1),2518,1,4,4,-,1.1,81.7,1,2,6.85
58,Martín Zubimendi,29(2),2600,2,1,5,-,0.6,84.4,1.5,1,6.85
59,Arnaut Danjuma,3,203,2,-,1,-,2,76.7,0.7,-,6.84
60,Nahuel Tenaglia,29,2546,2,1,11,-,0.8,74.8,1.4,2,6.84
61,Nabil Fekir,2,180,-,1,-,-,3.5,86.1,-,1,6.84
62,Unai Marrero,1,90,-,-,-,-,-,70.8,-,-,6.84
63,Alex Berenguer,24(8),1994,5,7,4,-,1.5,78.5,0.7,1,6.84
64,Omar El Hilali,32,2831,-,2,9,-,0.1,80.5,1.1,1,6.84
65,Gerard Moreno,6(8),649,3,1,-,-,1.9,78.8,1.1,-,6.84
66,Rubén García,26(6),2152,4,5,2,-,0.7,79.4,0.8,2,6.84
67,Leandro Cabrera,28(1),2521,3,2,3,-,0.6,76.7,2.4,2,6.83
68,Yangel Herrera,23(2),1927,4,3,9,1,1.3,84.2,1.8,4,6.83
69,Sergio Gómez,28(4),2484,2,5,4,-,0.5,84.6,0.4,2,6.81
70,Thibaut Courtois,27,2430,-,-,1,-,-,80.9,0.3,1,6.81
71,Urko González,11(1),951,-,1,1,-,-,77.1,1.3,-,6.81
72,Abdul Mumin,24,2020,2,1,6,1,0.4,83.6,1.3,1,6.81
73,Carlos Vicente,30(2),2649,4,5,2,-,0.9,74.9,0.9,2,6.81
74,Alexander Sørloth,12(18),1293,13,2,4,-,1.9,64.9,2.9,1,6.81
75,Luka Modric,14(16),1492,2,4,7,-,0.6,91.2,0.2,1,6.80
76,Loïc Badé,27(1),2450,1,1,6,-,0.5,86.6,2.1,1,6.80
77,Marash Kumbulla,30(1),2616,3,-,8,-,0.4,85.1,1.9,1,6.80
78,Valentin Rosier,26(4),2440,1,2,8,-,0.5,79.5,0.8,-,6.79
79,Alejandro Catena,31,2717,-,2,10,-,0.5,83.9,1.9,2,6.79
80,Javi Galán,17(4),1479,-,2,8,-,0.4,85.8,1,2,6.79
81,Vedat Muriqi,20(4),1752,7,2,1,2,2.1,63,5.1,2,6.78
82,Diego Rico,28(1),2460,-,3,7,1,0.5,69.7,0.8,-,6.78
83,Jon Aramburu,26(4),2213,1,1,8,-,0.4,80.5,1.2,1,6.78
84,Thierno Barry,23(9),2120,10,3,4,-,2.1,62.2,3,4,6.78
85,Mikel Jauregizar,22(7),1936,2,1,4,1,0.7,82.6,0.9,1,6.78
86,Raúl Asencio,14(5),1363,-,1,2,-,0.1,93.7,1.5,1,6.78
87,Pablo Barrios,25(2),2147,1,3,4,1,1,87.5,1.1,-,6.77
88,Alejandro Balde,25(3),2088,-,4,2,-,0.4,91,0.5,-,6.77
89,Samú Costa,26(1),2217,-,2,6,1,1,81.5,2.3,-,6.77
90,Marcos Alonso,25(2),2341,2,-,8,1,0.9,90.1,2.3,2,6.77
91,Roberto Fernández,13(1),1095,5,-,1,-,1.3,71.4,1.9,-,6.77
92,Clément Lenglet,20,1706,1,1,9,-,0.4,87.3,1.6,1,6.77
93,Ilias Akhomach,7(4),589,1,-,1,-,1.5,79.9,0.6,-,6.76
94,Enzo Barrenechea,23(3),1926,1,2,6,-,0.5,86.4,1.3,2,6.76
95,Carl Starfelt,26(2),2273,1,-,5,-,0.2,93.7,2.3,-,6.76
96,Raúl Moro,21(7),1915,4,3,2,-,1.4,74.1,0.3,3,6.76
97,Dani Ceballos,11(7),906,-,-,4,-,0.3,95,0.1,-,6.75
98,Héctor Bellerín,6(2),569,-,1,1,-,0.1,83.1,0.8,-,6.75
99,Pau Cubarsí,26(5),2345,-,3,3,-,0.2,93.6,1.9,-,6.75
100,Takefusa Kubo,22(9),1984,5,-,5,-,1.2,76.3,0.3,2,6.75
101,Bryan Zaragoza,18(4),1489,1,5,4,-,1.5,72.5,-,2,6.75
102,Marc Casadó,20(3),1618,1,3,2,1,0.6,89.9,0.4,-,6.75
103,Rubén Vargas,9(2),677,2,1,-,-,1.5,73.6,0.6,-,6.75
104,Sergio Herrera,32,2880,-,-,5,-,-,66.6,0.2,1,6.74
105,Santi Comesaña,27(4),2269,3,2,7,-,1.1,85.5,0.9,3,6.74
106,Ramón Martínez,1(1),95,-,-,-,-,-,89.8,1.5,-,6.74
107,José Ángel Carmona,31,2665,-,-,9,-,0.6,82.3,1,-,6.74
108,Kike Salas,20(6),1833,1,2,5,-,0.6,79.7,2.5,1,6.74
109,Saúl Ñíguez,15(6),1402,1,6,7,1,1.9,80,1.7,2,6.74
110,César Tárrega,30,2667,2,-,5,-,0.6,84.2,2.8,2,6.74
111,Kike García,25(6),2221,12,-,3,1,1.6,67.5,3.2,1,6.73
112,Florian Lejeune,32,2876,-,2,6,-,1.5,84.4,2.2,-,6.73
113,Luis Rioja,29(2),2502,5,3,5,-,0.9,77.7,0.4,3,6.73
114,Augusto Batalla,28,2520,-,-,5,-,-,63.9,0.2,1,6.73
115,Jon Martín,3(7),630,-,1,2,-,0.8,85.6,4.1,-,6.73
116,Juan Iglesias,27(5),2458,-,1,4,-,0.6,60.8,1,1,6.72
117,Alberto Moleiro,28(3),2386,6,1,5,-,2,83.5,0.2,2,6.72
118,Jorge Sáenz,14(4),1243,1,-,3,1,0.2,83.4,1.8,2,6.72
119,Arda Güler,9(14),863,2,3,1,-,1.2,89.1,0.3,-,6.72
120,Santiago Mouriño,16(5),1487,-,1,5,-,0.5,78.4,1.4,-,6.72
121,Fran García,19(7),1737,-,2,-,-,0.5,88.7,0.6,-,6.72
122,Sergi Darder,29(4),2331,1,5,3,-,0.9,82.4,0.3,4,6.72
123,Miguel Gutiérrez,29,2465,1,5,4,-,1,88.4,0.2,3,6.71
124,Abde Ezzalzouli,20(7),1743,2,2,2,-,2.1,75.1,0.7,1,6.71
125,Bryan Gil,21(4),1733,3,3,4,-,1.3,89.7,-,1,6.71
126,Sandro Ramírez,23(5),1880,8,3,6,-,1.6,74.7,0.4,2,6.71
127,Wojciech Szczesny,13,1170,-,-,-,-,-,88.1,0.1,-,6.71
128,Axel Witsel,8(4),757,-,1,1,-,0.1,90.2,1.9,-,6.70
129,Aimar Oroz,30(2),2535,4,2,7,-,1.3,83.9,0.4,3,6.70
130,Iago Aspas,17(9),1580,9,3,3,1,1.8,75.6,0.3,3,6.70
131,Lucas Vázquez,22(6),1929,1,4,4,-,0.5,89.8,0.3,-,6.70
132,Edu Expósito,7(7),644,-,2,2,-,0.8,72.4,0.4,1,6.69
133,Arsen Zakharyan,1(2),72,1,-,-,-,1.3,84.4,-,-,6.69
134,Eric García,10(14),1214,1,2,3,-,0.5,92.8,1.1,-,6.69
135,Mario Maroto,0(1),18,-,1,-,-,-,73.3,1,-,6.69
136,Mauro Arambarri,27(4),2336,9,-,9,-,1.5,76.2,1.7,1,6.69
137,Jesús Rodriguez,12(5),923,2,-,-,-,1.3,75.9,0.2,-,6.69
138,Andoni Gorosabel,15(3),1313,-,2,4,-,0.1,84.8,0.8,-,6.69
139,Giuliano Simeone,22(6),1661,2,6,4,-,0.7,78.9,0.4,-,6.69
140,Juan Cruz,23(8),2022,4,3,2,-,1,74.5,0.5,1,6.69
141,Marc Roca,11(3),910,2,2,4,-,0.9,87.6,0.4,1,6.68
142,Marc Bernal,3,244,-,-,2,-,0.7,92.5,0.3,-,6.68
143,Dani Rodríguez,23(9),1909,4,7,5,-,0.9,76.4,0.8,1,6.68
144,Íñigo Ruíz de Galarreta,14(7),1197,-,4,5,-,0.4,84.4,0.2,-,6.68
145,Adrià Pedrosa,24(3),2034,1,1,6,-,0.7,77.3,0.4,1,6.67
146,Ferran Torres,11(15),1015,10,3,1,1,1.7,77.3,0.2,-,6.67
147,Dani Parejo,23(8),2016,3,2,7,-,0.4,89.2,0.7,2,6.67
148,Andrii Lunin,5,450,-,1,-,-,-,84.3,0.4,-,6.67
149,Nemanja Gudelj,24(2),2161,-,1,5,-,0.6,88.3,1.5,1,6.67
150,Unai Simón,16,1440,-,-,-,-,-,65.7,0.3,-,6.67
151,Julen Agirrezabala,14,1208,-,-,1,1,-,64.9,0.4,-,6.67
152,Conor Gallagher,18(9),1487,3,2,2,-,0.7,86.6,0.3,3,6.67
153,Óscar Mingueza,26(3),2310,3,6,6,1,1,81.1,0.3,-,6.67
154,Kiko Femenía,26(1),2186,-,1,7,-,0.1,90.3,0.2,-,6.67
155,Juma Bah,10(2),865,-,-,1,-,0.3,81.5,2.6,1,6.66
156,Pau López,0(1),45,-,-,-,-,-,72.7,1,-,6.66
157,Yeremy Pino,21(9),1672,3,5,10,-,0.8,77.8,0.4,1,6.66
158,Carles Aleñá,8(1),675,-,2,1,-,1,79.9,0.8,-,6.66
159,José María Giménez,19(7),1817,-,1,5,-,0.2,91.3,1.3,2,6.66
160,Pablo Torre,4(6),309,3,1,-,-,0.6,85.4,0.1,-,6.66
161,Robin Le Normand,20(3),1790,-,-,8,-,0.3,90.2,2,-,6.66
162,Pape Gueye,22(7),1919,2,-,3,2,1.5,81.6,1,1,6.65
163,Martin Valjent,27,2405,2,-,4,-,0.4,85.8,1.5,-,6.65
164,Rodrigo De Paul,18(11),1735,3,4,6,-,0.5,84,0.1,1,6.65
165,Jan Oblak,32,2880,-,-,-,-,-,74.7,0.1,1,6.65
166,Luiz Júnior,12(1),1097,-,-,2,-,-,67.9,0.4,1,6.65
167,César Azpilicueta,9(3),743,1,-,-,-,0.4,86.9,0.9,1,6.65
168,Chidera Ejuke,9(13),946,2,1,-,-,0.9,83.9,0.2,2,6.65
169,Dinko Horkas,6(2),634,-,-,1,-,-,76.1,-,-,6.65
170,Marko Dmitrovic,27,2430,-,-,-,-,-,37,0.4,-,6.64
171,Sergio Carreira,16(4),1424,-,4,-,-,0.6,79.2,0.2,-,6.64
172,Enzo Boyomo,28(1),2538,2,-,5,-,0.3,87.1,0.8,1,6.64
173,Johan Mojica,27(4),2459,1,2,5,-,0.5,77.1,0.3,1,6.64
174,Viktor Tsygankov,18(4),1499,2,4,1,-,1.2,83,0.3,1,6.64
175,Christantus Uche,27(3),2247,3,5,6,2,1.5,67.8,2.8,2,6.63
176,Joan Jordán,15(7),1348,4,2,3,-,0.7,82,0.7,1,6.63
177,Carlos Romero,23(6),2107,2,1,6,-,0.8,76,0.4,1,6.63
178,Umar Sadiq,7(5),653,5,-,4,-,1.6,72.2,1.8,1,6.63
179,Yuri Berchiche,18(8),1681,-,2,4,-,0.5,86,0.8,-,6.63
180,David Soria,33,2970,-,-,1,-,-,47.4,0.2,1,6.63
181,Domingos Duarte,17(1),1531,1,-,1,1,0.2,78.1,1.3,-,6.62
182,Sergio González,31(1),2754,2,-,2,1,0.4,84,1.8,2,6.62
183,Beñat Prados,19(8),1545,1,-,7,-,0.6,81.9,1.1,1,6.62
184,Arnau Martínez,25(2),2222,2,2,2,-,0.7,88.1,1,-,6.62
185,Antonio Rüdiger,26(3),2292,-,-,3,-,0.8,92.2,1.2,-,6.62
186,Óscar De Marcos,15(8),1380,-,4,-,-,0.3,79.3,0.3,-,6.62
187,Samuel Lino,18(8),1276,3,2,3,-,1.3,80.9,0.5,1,6.62
188,Pathé Ciss,21(8),1845,4,1,9,-,0.7,85.8,1.5,2,6.62
189,Kirian Rodríguez,21,1768,-,3,2,-,1,86.8,0.6,1,6.62
190,Luka Sucic,19(5),1579,1,1,3,-,1.5,84.5,1,1,6.62
191,Álex Muñoz,16(3),1306,3,-,3,-,0.4,81.8,1.2,2,6.61
192,Robert Navarro,15(8),1286,1,-,3,-,0.8,80,0.2,-,6.61
193,Daley Blind,26(3),2329,-,2,2,-,0.2,90.6,0.6,1,6.61
194,Nicolas Pépé,11(12),1133,1,3,3,-,1.4,83,0.7,-,6.61
195,Brahim Díaz,15(13),1275,4,2,-,-,0.9,88.5,0.1,-,6.61
196,Viti Rozada,19(6),1665,-,2,5,-,0.1,84,0.6,-,6.61
197,Javi Puado,30,2580,11,3,5,-,2,78.6,0.3,1,6.61
198,Hugo Álvarez,15(8),1442,4,3,6,-,1,79,0.3,1,6.61
199,Jasper Cillessen,27,2337,-,-,1,-,-,63.4,0.1,-,6.61
200,Enzo Boyomo,3,270,-,-,-,-,0.7,91.6,1,-,6.61
201,Tanguy Nianzou,6,519,-,-,1,1,0.3,90.8,3,-,6.61
202,Álvaro García,24(7),2192,3,5,4,-,1.8,70.8,0.2,2,6.60
203,Álex Remiro,32,2880,-,-,-,-,-,70.4,0.3,1,6.60
204,Diego López,30(3),2429,7,5,2,-,1.2,75.7,0.4,1,6.60
205,Dário Essugo,21(1),1658,1,-,6,2,1,84.8,1.2,-,6.60
206,Yvan Neyou,25(2),2170,1,1,13,-,0.5,87,0.9,1,6.60
207,Igor Zubeldia,25,2049,-,-,6,1,0.4,85.8,2.4,2,6.60
208,Álvaro Rodríguez,5(14),704,2,-,5,-,1.2,51.4,4.3,1,6.60
209,Juan Soriano,7,541,-,-,1,1,-,47.3,-,-,6.60
210,Selvi Clua,2(2),163,-,-,-,-,0.5,80.6,1.5,-,6.60
211,Yarek Gasiorowski,9(5),940,-,-,1,-,0.2,81.5,1.7,-,6.60
212,Ladislav Krejcí,24(1),2080,2,-,9,-,0.6,90.5,2.1,-,6.59
213,Jonathan Bamba,10(2),815,-,1,1,-,1.1,82.8,0.5,-,6.59
214,Mouctar Diakhaby,3(5),274,2,-,-,-,0.9,78.7,0.9,-,6.59
215,Isi Palazón,20(10),1720,3,3,4,-,1.5,83.5,0.4,1,6.59
216,Nahuel Molina,16(9),1422,-,3,-,-,0.3,82.4,0.4,-,6.58
217,Natan,18(8),1722,1,1,3,1,0.3,88.5,2,-,6.58
218,Aritz Arambarri,2,178,-,-,-,-,0.5,73.1,3,-,6.58
219,Coba da Costa,11(5),894,1,1,4,-,1.3,69.1,1.1,-,6.58
220,Matija Nastasic,23(2),2035,1,-,3,-,0.1,82.7,1.4,1,6.58
221,Pablo Fornals,19(3),1548,1,-,2,-,0.9,82.5,0.9,-,6.58
222,Ricardo Rodríguez,12(3),1024,-,-,-,-,0.3,83.9,1.4,-,6.57
223,Yáser Asprilla,12(10),1122,3,-,2,-,1.5,80.2,0.2,1,6.57
224,Rui Silva,15,1350,-,-,1,-,-,75.7,0.1,-,6.57
225,Adnan Januzaj,3(10),376,2,1,4,-,0.9,81.3,0.1,1,6.56
226,Fermín López,9(14),939,3,4,3,1,1.3,86.2,0.3,1,6.56
227,Stefan Bajcetic,9(2),766,1,-,3,-,0.3,73,0.9,-,6.56
228,Renato Tapia,23(6),2008,1,-,6,-,0.3,78.5,0.8,-,6.56
229,Dominik Greif,27,2430,-,-,1,-,-,65.8,0.3,-,6.56
230,Hugo Duro,22(4),1895,8,2,3,-,1.7,71.3,2.2,1,6.56
231,Javi Muñoz,26(6),2421,1,3,5,-,0.7,80.1,0.4,1,6.55
232,Jon Moncayola,26(4),2077,-,-,8,-,0.7,80.3,0.5,-,6.55
233,Alex Král,28(5),2584,-,1,1,-,0.6,74.7,1.1,-,6.55
234,Manu Morlanes,15(6),1304,-,-,6,-,0.5,90,0.5,-,6.55
235,Hamari Traoré,6(2),506,-,1,1,-,0.1,87.3,0.6,-,6.55
236,Pep Chavarría,24(5),2196,-,1,3,-,0.3,83.4,0.7,-,6.55
237,Aitor Paredes,18(2),1545,3,-,2,1,0.3,84.7,1.4,1,6.55
238,Iñaki Peña,14(1),1304,-,-,1,-,-,87,0.1,-,6.54
239,Oliver McBurnie,16(13),1478,2,6,1,-,0.9,66.7,2.5,-,6.54
240,André Almeida,21(9),1742,-,3,2,-,0.5,89.5,0.1,-,6.54
241,Iván Villar,4,360,-,-,-,-,-,78.4,0.3,-,6.54
242,Copete,14(9),1373,-,-,6,-,0.3,83.3,1.2,2,6.54
243,Alfonso Espino,8(4),731,-,-,4,-,0.7,76.6,1,-,6.54
244,Javi Rodríguez,22(9),2109,2,2,7,-,0.3,86.1,1.2,1,6.54
245,Marc-André ter Stegen,6,497,-,-,-,-,-,90.1,0.3,-,6.54
246,Iker Almena,0(2),46,-,1,-,-,0.5,80.8,-,-,6.54
247,Koke,16(11),1590,1,1,4,-,0.3,87.5,0.3,2,6.53
248,Diego Conde,21,1873,-,1,2,-,-,76.4,0.1,1,6.53
249,Mika Mármol,23(3),2041,-,1,4,-,0.3,80.3,0.7,-,6.53
250,Jorge de Frutos,26(5),2170,4,3,2,1,1.4,73.9,0.4,2,6.53
251,Óscar Rodríguez,12(13),1221,1,4,6,1,1.1,77.3,0.4,2,6.53
252,Abdel Abqar,29,2468,-,1,13,-,0.4,76.9,1.4,-,6.53
253,Adrián Pica,5(3),485,-,-,1,-,0.5,77.8,2.1,-,6.53
254,Abel Bretones,19(12),1926,2,-,3,-,0.4,75.7,0.6,-,6.53
255,Alfon González,11(11),1147,4,2,1,1,1.9,78.9,0.1,2,6.53
256,Jesús Areso,30(1),2641,-,3,7,-,0.2,80,0.7,1,6.53
257,Vicente Guaita,29,2610,-,-,-,-,-,79,0.3,1,6.53
258,David López,24(2),2161,1,-,4,-,0.4,92,1.2,1,6.52
259,Aritz Elustondo,13(6),1185,-,-,2,1,0.2,85.5,1.5,1,6.52
260,Thierry Correia,9(2),771,-,-,1,-,0.6,73.4,0.4,-,6.52
261,Borja Iglesias,21(11),1739,9,3,2,-,1.3,72.8,0.3,1,6.52
262,Logan Costa,23(4),2136,2,-,3,-,0.4,87.4,1.4,-,6.52
263,Javi Guerra,27(5),2256,3,3,3,-,1.3,80.2,0.5,1,6.52
264,Youssouf Sabaly,18(2),1485,-,1,1,-,0.2,87.8,0.5,-,6.52
265,Lucien Agoumé,19(11),1669,1,1,5,1,0.3,83.3,1.1,2,6.51
266,Seydouba Cissé,27(3),2107,2,-,3,1,0.5,85.2,0.8,1,6.51
267,Toni Martínez,8(17),907,4,-,1,-,1.8,61.2,2.9,-,6.51
268,Frenkie de Jong,7(14),861,2,2,3,-,0.2,95,0.3,-,6.51
269,Lucas Rosa,21,1890,-,1,6,-,0.4,79.9,0.9,1,6.51
270,Brais Méndez,16(7),1337,3,1,4,-,1,82.4,0.8,1,6.51
271,Sergi Altimira,18(10),1673,-,1,3,-,0.6,88.8,0.4,-,6.51
272,Gorka Guruzeta,18(14),1576,6,2,2,-,1.6,73.3,1.1,1,6.50
273,Alejandro Francés,11(3),961,-,-,2,-,0.4,85.3,0.4,-,6.50
274,Kike Pérez,14(5),1199,2,-,6,-,1.1,82.1,0.7,-,6.50
275,Maroan Sannadi,4(7),479,1,1,-,-,1.3,77.6,0.9,-,6.50
276,Jofre Carreras,24(8),2000,3,3,5,-,1.1,72.2,0.1,1,6.50
277,Paulo Gazzaniga,33,2926,-,-,4,-,-,79.1,-,-,6.50
278,Juanlu Sánchez,14(13),1349,4,3,3,1,0.4,85.1,0.7,1,6.49
279,Cristhian Mosquera,32,2870,1,-,6,-,0.2,92,1.1,1,6.49
280,Giorgi Mamardashvili,29,2610,-,-,1,-,-,61.8,0.2,2,6.49
281,Ilaix Moriba,18(10),1739,-,1,5,1,0.9,87.2,0.7,-,6.49
282,Fran Vieites,4,360,-,-,-,-,0.3,58.3,0.5,-,6.49
283,Djibril Sow,21(6),1868,1,1,5,-,0.7,89.7,0.9,-,6.49
284,Omar Mascarell,18(9),1683,-,-,4,1,0.2,85.3,1.4,1,6.49
285,Albert Sambi Lokonga,15(5),1403,-,2,4,-,0.5,89.7,1.4,-,6.48
286,Dani Cárdenas,5,450,-,-,-,-,-,47.6,0.2,-,6.48
287,Sergio Camello,14(9),1140,3,2,2,-,1.4,80.6,0.5,-,6.48
288,Aitor Ruibal,10(15),984,1,3,5,-,0.5,84.7,0.2,1,6.48
289,Juan Bernat,7(4),574,-,1,-,-,0.3,74.5,0.7,-,6.48
290,Romain Perraud,20(5),1806,2,2,7,1,0.7,81.7,0.4,1,6.48
291,Fran Beltrán,25(4),2062,2,-,3,-,0.7,89.1,0.7,-,6.48
292,Antonio Blanco,27(3),2310,-,1,8,1,0.8,81.4,0.9,1,6.47
293,Vitor Roque,14(8),1238,4,-,4,-,1.9,73.4,0.7,1,6.47
294,Pau Navarro,4(8),600,-,-,-,-,0.1,90.1,0.3,-,6.47
295,Carles Pérez,15(11),1405,3,-,2,-,1.3,74.4,0.5,-,6.47
296,Pablo Durán,13(9),1153,4,4,3,-,0.9,73.4,0.5,2,6.47
297,Mikel Oyarzabal,24(6),1931,8,2,4,1,1.1,74.4,0.9,2,6.46
298,Ørjan Nyland,26,2314,-,-,2,-,-,60.5,0.2,2,6.46
299,Carlos Martín,16(8),1312,2,2,3,-,1.1,68.7,0.7,-,6.46
300,Scott McKenna,26(1),2287,-,-,5,1,0.2,86.9,2.8,-,6.46
301,Adam Aznou,7(2),582,-,-,2,-,0.1,73.1,0.8,-,6.46
302,Djené Dakonam,29,2386,-,-,9,-,0.2,78.1,1.5,-,6.46
303,Fernando López,4(9),438,2,-,2,-,1,84.9,0.2,-,6.46
304,Unai López,19(8),1437,3,1,8,1,0.7,86.5,0.4,-,6.46
305,Álvaro Tejero,13(12),1157,1,4,2,-,0.7,78.8,0.4,1,6.46
306,Juanpe,7(3),609,-,-,2,-,0.1,87.3,2,-,6.46
307,Jorge Herrando,14(3),1274,1,-,3,-,0.7,86.3,1.5,1,6.46
308,Adama Boiro,12(3),1000,-,-,2,-,0.2,83.9,1.1,-,6.45
309,Donny van de Beek,16(10),1426,2,2,5,-,0.7,83.7,0.4,-,6.45
310,Pedro Díaz,11(10),1010,3,-,2,-,1.1,84.5,0.2,-,6.45
311,Pepelu,15(15),1469,1,2,7,1,0.4,83.8,0.7,-,6.45
312,Duk,0(6),74,-,-,1,-,0.2,69.2,0.2,-,6.44
313,Karl Hein,28,2520,-,-,-,-,-,70.1,0.3,1,6.44
314,Andy Pelmard,2(2),205,-,-,1,-,0.3,88.8,0.3,-,6.44
315,Juan Herzog,11(4),966,-,-,1,-,0.5,86.7,1.9,-,6.44
316,Gavi,11(10),817,1,1,4,-,0.4,89.9,0.9,-,6.43
317,Pol Lozano,23(3),1753,-,-,12,-,0.3,84.9,0.3,-,6.43
318,Pablo Marín,9(9),857,-,2,2,-,0.7,79.4,0.7,1,6.43
319,Selim Amallah,15(6),1196,3,1,6,-,0.9,83.5,0.2,-,6.43
320,Antonio Sivera,27,2362,-,-,6,1,-,53.7,0.2,-,6.43
321,Enric Franquesa,7(5),615,1,-,1,-,0.3,73,0.4,-,6.43
322,Raúl Albiol,14(1),1189,-,-,4,-,0.1,89.6,2,-,6.42
323,Aihen Muñoz,10(8),843,-,-,4,-,0.3,77.9,1,-,6.42
324,Isaac Romero,26(2),2087,3,2,8,-,1.8,73.3,1,-,6.42
325,Iván Sánchez,10(18),1178,1,1,4,-,0.4,83.7,0.5,-,6.42
326,José Campaña,14(8),1095,-,2,3,-,0.2,87.3,0.8,-,6.42
327,Jon Guridi,22(6),1746,3,1,6,-,0.7,76.9,1.4,-,6.42
328,Aridane Hernández,7(3),664,-,-,1,-,0.5,87,2.3,-,6.42
329,Carlos Domínguez,10(5),906,-,-,1,-,0.2,87.3,1.7,-,6.42
330,Justin Smith,3(2),210,-,-,-,-,-,67.8,0.6,-,6.42
331,Anuar Tuhami,17(4),1441,2,-,6,-,0.4,83.5,1,1,6.42
332,Arthur,6(4),569,-,-,2,-,0.4,95.1,-,-,6.41
333,Óscar Valentín,17(14),1637,-,-,3,-,0.1,83.1,0.9,-,6.41
334,Bertug Yildirim,13(5),979,1,-,7,-,1,55.3,3.6,-,6.41
335,Javi Hernández,23(4),2031,-,1,4,-,0.4,76.1,0.7,1,6.41
336,Cenk Özkacar,4(2),351,-,-,-,-,0.2,83.3,1,-,6.41
337,Daley Sinkgraven,1(1),91,-,-,-,-,-,78.9,0.5,-,6.41
338,Javi Sánchez,25,2033,2,-,6,-,0.4,87.8,1.4,-,6.41
339,Facundo Garcés,2(3),226,-,-,-,-,0.2,81.5,1.6,-,6.40
340,Javi López,19(7),1755,-,-,4,-,0.2,83.6,0.4,-,6.40
341,Franco Cervi,4(2),260,-,-,1,-,-,66.4,0.7,1,6.40
342,Manu Sánchez,25(3),2209,1,-,6,1,0.4,72.8,0.3,1,6.40
343,Williot Swedberg,13(14),1147,3,3,1,-,1,75.3,0.3,1,6.40
344,Bojan Miovski,12(3),858,2,1,-,-,0.9,77.1,0.9,-,6.40
345,Luis Pérez,27(1),2423,-,-,2,-,0.1,80,0.6,1,6.40
346,Arnaut Danjuma,15(8),1313,2,-,2,-,1.3,82,-,-,6.40
347,Hugo Sotelo,14(7),1182,-,-,4,-,0.2,88.3,0.1,-,6.40
348,Mikel Vesga,9(12),860,-,-,1,-,0.3,82.4,0.9,-,6.39
349,Héctor Fort,4(9),447,-,-,2,-,0.3,91.8,0.2,-,6.39
350,Manu Fuster,6(17),751,2,1,2,-,0.7,85.3,0.1,-,6.39
351,Assane Diao,2(8),271,1,2,-,-,0.7,75,0.8,-,6.39
352,Reinildo,10(9),936,-,-,4,-,0.1,84,0.5,-,6.39
353,Antoniu Roca,10(12),816,-,1,3,-,0.5,74.7,0.3,-,6.39
354,Yoel Lago,4,301,-,1,-,-,-,93.1,0.5,-,6.39
355,José Gragera,7(3),572,-,-,-,-,0.2,88,1.1,-,6.39
356,Jon Pacheco,8(5),764,-,-,3,-,0.1,83,1.5,-,6.38
357,Ferland Mendy,12(2),1008,-,1,1,1,-,94.3,0.3,-,6.38
358,Gerard Martín,7(16),785,1,2,2,-,0.2,85,0.4,-,6.38
359,Adrián,16,1262,-,-,3,-,-,71.2,0.3,-,6.38
360,Rodrigo Riquelme,4(12),509,-,1,-,-,0.9,87.2,0.2,-,6.38
361,Darko Brasanac,14(12),1469,1,2,3,-,0.5,75.7,0.8,-,6.38
362,Adri Embarba,15(16),1422,1,1,4,-,1,74.7,0.4,-,6.37
363,Iván Martín,21(6),1759,1,1,1,-,0.3,91.1,0.1,-,6.37
364,Toni Lato,5(6),457,-,-,-,1,-,75.8,0.5,-,6.37
365,James Rodríguez,1(5),136,-,-,1,-,0.7,89.2,0.3,-,6.37
366,Luken Beitia,0(1),7,-,-,-,-,-,100,1,-,6.37
367,Jailson,6(7),613,-,-,2,-,0.3,90.6,1.4,-,6.37
368,Adrià Alti,15(3),1276,-,-,5,-,0.3,79.8,0.5,1,6.36
369,Fernando Calero,3(13),455,1,-,-,-,0.1,84.3,0.4,-,6.36
370,Stanis Idumbo,3(11),280,1,1,-,-,0.3,83.3,0.1,-,6.36
371,Gerard Gumbau,7(11),765,-,1,4,-,0.7,80.1,0.8,-,6.36
372,Chimy Ávila,6(13),672,2,-,5,1,1.1,76.1,0.4,1,6.36
373,Jon Olasagasti,7(13),789,1,1,2,-,0.6,77.7,0.6,-,6.36
374,Aleksandar Sedlar,6(2),515,-,-,1,1,0.1,82,1,-,6.36
375,Ander Guevara,16(13),1607,-,1,1,-,0.3,78.3,0.9,-,6.36
376,Marcos André,14(7),1185,1,2,5,-,1,66.8,2.3,-,6.36
377,Abel Ruiz,16(3),1239,4,-,3,-,1.2,89.5,0.4,-,6.36
378,Stanko Juric,18(7),1650,-,-,5,1,0.3,84.8,1.8,-,6.36
379,Cristhian Stuani,2(25),721,8,2,3,-,1,70.3,0.5,1,6.36
380,Cyle Larin,19(8),1562,6,2,4,-,1.3,68.3,2.1,1,6.35
381,Jesús Vázquez,9(7),802,-,-,3,-,0.3,76.5,0.6,-,6.35
382,Ander Barrenetxea,12(13),1075,1,3,5,-,0.8,76.9,0.3,-,6.35
383,Siebe Van der Heyden,1(1),96,-,-,-,-,0.5,90.5,1,-,6.35
384,Florian Grillitsch,6(3),464,-,-,1,-,0.3,82.7,0.3,-,6.34
385,Valentín Barco,3(4),287,-,-,-,-,1,79.3,-,-,6.34
386,Randy Nteka,16(8),1138,3,-,6,-,0.7,66.1,1.7,-,6.34
387,Dimitri Foulquier,23(7),2151,-,1,6,-,0.4,81.4,0.3,-,6.34
388,Brian Oliván,12(5),1017,-,1,2,-,0.4,75.4,0.2,-,6.34
389,William Carvalho,4(5),327,-,-,-,-,0.3,86.1,0.7,1,6.34
390,Oriol Romeu,16(5),1242,-,-,5,-,0.2,90.6,0.6,-,6.34
391,Pau Cabanes,0(10),156,1,-,-,-,0.4,76.9,0.1,-,6.34
392,Tasos Douvikas,6(14),692,3,1,2,-,0.9,71.4,0.8,-,6.33
393,Damián Rodríguez,9(7),880,-,-,3,-,0.3,91.6,-,-,6.33
394,Jesús Navas,3(12),416,1,-,-,-,0.2,83.3,0.4,-,6.33
395,Antonio Sánchez,9(19),1154,-,-,2,-,0.5,75.8,0.2,-,6.33
396,Juanmi,8(4),667,-,-,2,-,1.1,75.9,0.5,-,6.33
397,Juan Bernat,1(9),205,-,1,-,-,0.2,81.9,0.5,-,6.33
398,Borja Mayoral,3(16),742,4,1,-,-,0.8,81.4,0.8,-,6.33
399,Ansu Fati,2(3),187,-,-,1,-,1.8,85.6,0.4,-,6.33
400,Carlos Benavídez,6(8),370,1,1,2,-,0.2,73.3,0.4,-,6.33
401,Kike Barja,3(8),259,-,-,3,-,0.4,78,0.5,-,6.32
402,Nabil Aberdin,4(3),263,-,-,1,-,0.3,60,1.4,-,6.32
403,Alfonso Pedraza,2(7),275,-,-,-,-,0.3,75,0.4,-,6.32
404,Pablo Ibáñez,9(15),1023,1,1,3,-,0.7,76.8,0.7,-,6.32
405,Tomás Conechny,9(9),793,1,-,6,-,1.2,67.4,1.1,-,6.32
406,Álex Sola,13(6),1037,-,1,4,-,0.8,68.8,1,-,6.31
407,Takuma Asano,12(7),963,2,-,-,-,1.3,72.2,0.3,-,6.31
408,David Alaba,4(3),317,-,-,1,-,-,91.9,0.6,-,6.31
409,Tajon Buchanan,3(6),276,-,1,1,-,0.6,77,0.3,-,6.31
410,Ander Herrera,2(6),268,-,-,2,-,1,90.9,0.4,-,6.31
411,Moussa Diarra,19(6),1773,-,-,6,-,-,84.1,1.3,-,6.30
412,Irvin Cardona,5(11),600,1,1,1,-,0.6,65.5,0.6,-,6.30
413,Allan Nyom,9(7),689,1,1,4,-,0.5,79.9,0.4,1,6.30
414,Ángel Correa,3(23),695,3,1,3,1,1.2,78.6,-,-,6.30
415,Álex Suárez,27,2240,-,-,12,-,0.1,86.3,0.9,-,6.30
416,Jon Magunazelaia,0(2),6,-,-,-,-,-,53.8,1.5,-,6.30
417,Manu Bueno,1(6),110,1,-,-,-,0.6,91.1,-,-,6.30
418,Álvaro Djaló,6(9),574,1,-,1,-,0.9,68.5,0.6,-,6.30
419,Iván Jaime,2(3),191,-,-,-,-,1,86.3,0.8,-,6.30
420,Sheraldo Becker,11(10),988,2,1,1,1,1,76.9,0.3,-,6.29
421,Papa Dame Ba,0(1),47,-,-,-,-,1,41.7,-,-,6.29
422,Rodri,1(2),117,-,-,-,-,0.7,86.4,-,-,6.29
423,Mateu Morey,6(6),483,-,-,1,-,0.1,81.7,0.6,-,6.29
424,Willy Kambwala,11(3),924,-,-,1,1,0.3,87.8,1,-,6.29
425,Yan Diomande,3(2),207,-,-,-,-,0.6,84.8,0.2,-,6.29
426,Álvaro Fernández,7(1),656,-,-,2,-,-,60.1,0.1,-,6.29
427,Pau Víctor,1(17),230,2,1,2,-,0.7,83.2,0.2,-,6.29
428,Stoichkov,6(10),697,-,1,1,-,1.1,65.5,0.4,-,6.28
429,Unai Gómez,11(16),1019,1,2,1,-,0.6,74.8,0.9,-,6.28
430,Suso,0(11),218,-,-,2,-,0.6,86.6,0.2,-,6.28
431,Peque Fernández,12(10),972,1,1,1,-,0.5,79.7,0.4,-,6.27
432,Beñat Turrientes,10(8),819,-,-,4,-,0.3,91.3,0.6,-,6.27
433,Íñigo Lekue,6(6),588,-,-,1,-,0.2,78.8,0.4,-,6.27
434,Juanmi Latasa,10(13),1049,3,-,6,1,1.4,60.2,3.3,1,6.27
435,Marvin Park,7(11),785,-,-,3,-,0.2,77.9,0.5,-,6.27
436,Denis Suárez,6(13),514,1,1,-,-,0.5,82,0.1,-,6.27
437,Carles Aleñá,5(5),451,-,-,1,-,0.5,81.8,1,-,6.26
438,Cédric Bakambu,6(16),601,2,2,4,-,1,68.4,0.5,-,6.26
439,Sergi Gómez,6(5),651,-,-,1,-,0.2,89,1,-,6.26
440,Max Aarons,1(1),106,-,-,1,-,-,72.7,1,-,6.26
441,Juan Cruz,15(6),1180,-,-,4,-,0.1,80.7,0.3,-,6.25
442,Mamadou Sylla,15(11),1422,5,2,4,-,0.8,65.5,1.5,-,6.25
443,Gonzalo Montiel,1(5),111,-,-,1,-,0.2,92.2,0.2,-,6.25
444,Alberto Risco,0(5),66,-,-,-,-,0.8,74.2,0.2,-,6.25
445,Hugo Novoa,2(3),234,-,-,-,-,0.2,78.8,0.2,-,6.25
446,Raúl Chasco,1(1),129,-,-,-,-,-,66.7,0.5,-,6.25
447,Óscar Trejo,6(10),478,1,-,1,-,0.3,86.6,0.3,-,6.25
448,Rafa Mir,3(12),518,-,2,1,-,1.3,77.6,0.6,-,6.25
449,Mario Martín,18(9),1613,-,1,5,3,0.9,86.1,1,-,6.24
450,Gabriel Misehouy,1(8),252,1,-,-,-,0.7,92.6,-,-,6.24
451,Juan Berrocal,9(6),863,-,-,4,1,0.3,76.4,1.8,-,6.24
452,Borna Barisic,1,10,-,-,-,-,-,100,-,-,6.24
453,Luis Rioja,0(1),22,-,-,-,-,-,100,-,-,6.24
454,García Pascual,0(3),114,-,-,1,-,1.7,63,1.7,-,6.24
455,Alejo Véliz,10(13),1006,1,-,3,-,0.7,65.9,2,-,6.23
456,Munir El Haddadi,6(14),571,3,-,1,1,0.6,73.7,0.4,-,6.23
457,Iker Losada,4(6),341,1,-,2,-,0.3,78.4,0.2,-,6.23
458,Javier Manquillo,7(3),520,-,-,1,-,-,90.4,0.5,-,6.23
459,Arkaitz Mariezkurrena,0(5),108,1,-,1,-,1,65.8,0.6,-,6.22
460,Diego García,10(13),915,3,-,2,-,1,69.5,1.6,-,6.22
461,Peio Canales,1(6),188,-,-,-,-,0.4,85.1,-,-,6.22
462,Orri Óskarsson,9(14),939,3,-,1,-,0.8,55.7,1.3,-,6.22
463,Etienne Eto'o Pineda,0(2),38,-,-,-,-,-,20,3,-,6.22
464,Marc Domenech,2(4),183,-,-,-,-,0.8,70,1.2,-,6.22
465,Darwin Machís,7(10),625,-,1,-,-,0.8,72.9,0.4,-,6.22
466,Raúl García,5(22),662,2,-,-,-,0.7,70.6,0.7,-,6.21
467,Dani Gómez,5(9),526,2,-,-,-,1,74.1,0.5,1,6.21
468,Tamás Nikitscher,6(3),567,-,-,2,-,0.1,92.4,1,-,6.21
469,Valery Fernández,1(16),285,2,-,1,-,0.2,89,0.1,-,6.21
470,Juanmi,2(9),238,-,-,2,-,0.5,83.6,0.5,-,6.21
471,Adrián Rodríguez,1(1),121,-,-,1,-,-,38,0.5,-,6.21
472,Fran Pérez,3(18),440,-,-,1,-,0.2,82.3,0.2,-,6.20
473,Miguel de la Fuente,17(13),1676,1,3,3,-,1.2,59,1,-,6.20
474,Carlos Guirao,2,112,-,-,-,-,-,80,1,-,6.20
475,Sébastien Haller,5(3),406,-,-,-,-,0.5,60,3.3,-,6.20
476,Abdoulaye Keita,1(2),94,-,-,-,-,0.7,56,1,-,6.20
477,Iker Losada,3(7),334,-,-,-,-,0.5,76.8,0.3,-,6.20
478,Mateo Mejía,0(1),10,-,-,-,-,-,-,1,-,6.19
479,Mihailo Ristic,4(2),250,-,1,1,-,-,78.1,-,-,6.19
480,Jesús Owono,5(1),486,-,-,-,-,-,58,0.2,-,6.19
481,Peter Federico,1(13),372,-,-,1,-,0.7,75.6,0.6,-,6.19
482,Moi Gómez,5(19),732,-,-,1,-,0.3,82.1,0.3,-,6.19
483,Walid Cheddira,5(15),608,1,1,2,-,0.5,72.3,0.7,-,6.19
484,Portu,2(20),462,-,2,4,-,0.1,79.2,0.3,-,6.18
485,David López,1,80,-,-,-,-,-,91.2,-,-,6.18
486,Pau Cabanes,2(3),184,-,-,1,-,0.4,83.3,0.2,-,6.18
487,Naci Ünüvar,0(2),30,-,-,-,-,0.5,75,-,-,6.18
488,Akor Adams,1(3),130,-,-,-,-,0.5,74.1,1.5,-,6.17
489,David Torres,15(3),1386,-,-,5,-,0.2,83,1.1,-,6.17
490,Abde Rebbach,4(4),385,-,-,1,-,0.8,69.7,0.3,-,6.17
491,Endrick,1(18),218,1,-,1,-,0.9,80,0.3,-,6.17
492,Iván Balliu,7(13),795,-,-,2,-,-,76.2,0.5,-,6.16
493,Rubén Peña,6(16),658,-,-,1,-,0.5,66.5,0.2,-,6.16
494,Eric Bailly,8(4),620,-,-,2,1,0.3,87.7,0.9,-,6.16
495,Joseph Aidoo,0(1),1,-,-,-,-,-,85.7,-,-,6.16
496,Thomas Lemar,0(4),58,-,-,-,-,0.3,83.7,-,-,6.16
497,Benito Ramírez,1(16),376,-,-,2,1,0.4,84.6,0.2,-,6.16
498,Umar Sadiq,2(5),224,-,-,1,-,0.7,55.6,1.3,-,6.16
499,John Patrick,0(4),46,-,-,1,-,0.5,80,0.5,-,6.15
500,Amath Ndiaye,5(5),326,-,1,-,-,0.5,81.6,0.1,-,6.15
501,Endika Bujan,0(1),6,-,-,-,-,-,100,-,-,6.15
502,Ferrán Ruiz,0(1),17,-,-,-,-,-,50,-,-,6.15
503,Iker Córdoba,0(2),13,-,-,-,-,-,80,0.5,-,6.15
504,Nico Serrano,1(3),110,-,-,-,-,1.3,77.4,-,-,6.15
505,Luka Romero,2(4),197,-,-,-,-,0.3,79.5,0.3,-,6.15
506,Sergi Canós,2(14),353,-,1,3,-,0.6,62.4,0.3,-,6.14
507,Abdón Prats,3(21),438,2,-,4,-,0.6,67,0.8,-,6.14
508,Hugo Guillamón,4(8),361,-,-,2,-,0.2,82.3,0.4,-,6.14
509,Álvaro Aguado,4(11),427,-,1,3,-,0.6,80.1,0.2,-,6.14
510,Eray Cömert,17(4),1431,-,-,6,-,0.4,87.6,1,-,6.13
511,Sergi Domínguez,2(1),173,-,-,1,-,-,95,0.3,-,6.13
512,Jhon Solís,2(13),461,1,-,2,-,0.3,91.7,0.2,-,6.13
513,Asier Villalibre,2(13),305,1,1,2,-,0.5,66.7,1.3,-,6.13
514,José Arnáiz,1(12),112,-,-,-,-,0.4,76.6,0.1,-,6.12
515,Roberto López,3(9),387,-,1,-,-,0.5,82.5,0.2,-,6.12
516,Alejandro Padilla,3(2),320,-,-,-,-,-,49.5,0.2,-,6.12
517,Etta Eyong,0(1),2,-,-,-,-,-,-,1,-,6.11
518,Martín Tejón,0(4),44,-,-,-,-,0.3,80,-,-,6.11
519,Pere Milla,1(15),306,1,-,3,-,0.4,59.6,0.4,-,6.11
520,Andreas Christensen,0(1),26,-,-,1,-,-,87.5,1,-,6.10
521,Javi Llabrés,1,58,-,-,-,-,1,95,1,-,6.10
522,Chema Andres,0(1),7,-,-,-,-,-,100,1,-,6.10
523,Ramon Terrats,1(10),124,-,-,1,-,0.2,85.1,0.3,-,6.10
524,Chiquinho,1(7),141,-,-,2,-,0.5,78.3,0.1,-,6.10
525,Pablo García,0(2),25,-,-,-,-,-,71.4,-,-,6.10
526,Jaime Mata,4(22),502,-,-,8,-,0.5,72.5,0.7,-,6.09
527,Iker Muñoz,4(14),466,-,-,2,-,0.4,79.8,0.6,-,6.09
528,David Argüelles,0(1),6,-,-,-,-,-,60,-,-,6.09
529,Leandro Antonetti,0(1),11,-,-,-,-,-,100,-,-,6.09
530,Henrique,2(1),198,-,-,-,-,-,87.7,-,-,6.08
531,Germán Valera,1(7),144,-,-,-,-,0.4,82.5,0.1,-,6.08
532,Julián Chicco,1(11),197,-,-,-,-,0.3,80.2,-,-,6.08
533,Sergi Guardiola,1(13),324,-,-,1,-,0.8,69.4,0.4,-,6.08
534,Antonio Candela,8,632,-,-,-,-,0.1,81,0.1,-,6.08
535,Daniel Luna,0(2),18,-,-,-,-,-,77.8,-,-,6.08
536,Fabio González,0(2),52,-,-,-,-,1,82.7,0.5,-,6.08
537,Pejiño,0(1),16,-,-,-,-,1,100,-,-,6.08
538,Adrián Arnu,0(3),10,-,-,-,-,-,100,0.3,-,6.08
539,Víctor Meseguer,2(12),409,-,-,1,-,0.4,78.9,0.7,-,6.07
540,Yellu Santiago,5(12),320,-,-,5,-,0.1,69.8,0.1,-,6.07
541,Daniel Díaz,0(1),9,-,-,-,-,-,33.3,1,-,6.07
542,Daniel Yáñez,0(1),1,-,-,-,-,-,-,-,-,6.07
543,Kelechi Iheanacho,5(4),402,-,-,-,-,1,74.7,0.2,-,6.07
544,Nacho Vidal,1(4),120,-,-,-,-,-,77.1,0.6,-,6.05
545,Mateo Flores,1(5),150,-,-,1,-,-,80.9,-,-,6.05
546,Lorenzo Aguado,0(2),4,-,-,-,-,-,-,-,-,6.05
547,Rodrigo Abajas,1,66,-,-,1,-,1,55,-,-,6.05
548,Marcão,5(6),462,-,-,3,1,-,88.5,1.2,-,6.05
549,Jan Salas,0(3),21,-,-,-,-,0.7,81.3,0.3,-,6.05
550,Álvaro Odriozola,0(2),42,-,-,1,-,-,70.8,0.5,-,6.05
551,Enzo Loiodice,5(10),498,-,-,3,-,0.3,85.4,0.5,-,6.04
552,Diego Hormigo,1,38,-,-,-,-,1,71.4,1,-,6.03
553,Gorka Rivera,0(1),19,-,-,-,-,-,33.3,-,-,6.03
554,Chuki,7(8),629,1,-,1,-,0.7,75.4,-,-,6.02
555,Kim Min-Su,0(3),20,-,-,-,-,-,90,-,-,6.01
556,Maximiliano Caufriez,1,90,-,-,-,-,-,78.6,2,-,6.01
557,Tadeo Allende,0(1),1,-,-,-,-,-,33.3,-,-,6.01
558,Raúl de Tomás,0(2),21,-,-,-,-,-,83.3,-,-,6.01
559,Iker Benito,0(2),35,-,-,-,-,-,81.8,-,-,6.01
560,Israel Domínguez,0(1),17,-,-,-,-,-,100,-,-,6.00
561,Juan Carlos,1,1,-,-,-,1,-,-,-,-,6.00
562,Rafael Bauza,2(3),182,-,-,1,-,0.6,85.2,0.6,-,6.00
563,Ismael Bekhoucha,0(2),8,-,-,1,-,-,50,-,-,6.00
564,Arnau Solà,0(1),12,-,-,-,-,-,50,-,-,5.99
565,Javier Martón,0(3),49,-,-,1,-,-,85.7,0.7,-,5.99
566,Marc Cardona,0(10),102,-,-,1,-,0.4,83.3,-,-,5.98
567,Adrián Niño,0(1),11,-,-,-,-,2,-,-,-,5.98
568,Alberto Marí,0(1),6,-,-,-,-,-,50,-,-,5.98
569,Luca de la Torre,0(1),4,-,-,-,-,-,80,-,-,5.98
570,Roger Hinojo,0(1),8,-,-,-,-,-,57.1,-,-,5.98
571,Joseph Aidoo,5(2),538,-,-,-,-,0.1,89.7,0.9,-,5.97
572,Aboubacar Bassinga,0(1),3,-,-,-,-,-,50,-,-,5.94
573,Darío Benavides,0(1),4,-,-,1,-,-,-,-,-,5.93
574,David Otorbi,0(1),13,-,-,-,-,-,50,-,-,5.92
575,Javi Martínez,0(1),5,-,-,-,-,-,100,-,-,5.92
576,Kenedy,0(2),7,-,-,-,-,0.5,50,-,-,5.91
577,Stole Dimitrievski,4,360,-,-,1,-,-,39.8,-,-,5.90
578,Jesús Vallejo,0(1),10,-,-,-,-,-,85.7,-,-,5.89
579,Thiago Ojeda,0(1),7,-,-,1,-,1,100,-,-,5.89
580,Unai García,0(1),3,-,-,-,-,-,-,-,-,5.89
581,Urko González,1,46,-,-,1,-,-,62.5,-,-,5.79
582,Fran González,1,90,-,-,-,-,-,94.1,-,-,5.78
583,Adu Ares,0(1),18,-,-,-,-,-,62.5,-,-,5.77
584,André Ferreira,4,360,-,-,-,-,-,73.4,-,-,5.64
585,Arnau Rafús,1,90,-,-,-,-,-,73.7,-,-,5.21
586,Valentín Pezzolesi,0(1),5,-,-,-,-,-,40,-,-,5.09
